1,0.0229013015616009,0.0241134863816932,0.0261562329349851,0.0279817659464678,0.0285892373345089,0.027763227313484,0.0260321200507376,0.0239998156895407,0.0219357244648539,0.0201019992901246,0.019171767203749,0.0198815354294615,0.0222023919247125,0.0251827721171753,0.0278248172884301,0.0299235530589499,0.0317837345568224,0.0332300906111158,0.0332810621822413,0.0309733001757404,0.0263485023211998,0.0204761039904251,0.0145886867725066,0.00930239212302064,0.00455329032962648,4.66407798112023e-05,-0.0042863684907688,-0.00809269567346349,-0.0106991494841479,-0.0114524670703792,-0.0100963518220135,-0.00690752428902497,-0.00253814338738523,0.00218001713241434,0.0062856640918526,0.00878314420099469,0.00904017087451303,0.00729093181720708,0.00468138699557363,0.00261965962889232,0.00190818134095616,0.00238391392418613,0.00328998924535651,0.00394242733414918,0.00411671006290548,0.00396513027337775,0.00369541947066532,0.0033464910481894,0.00282425588725965,0.00211008659573231,0.00139892132751374,0.00097836247998806
1,-0.00432170098639428,-0.0071078355460874,-0.013128987744866,-0.0204536063823042,-0.0252352633997969,-0.0252124297462248,-0.0217318474046027,-0.0175629097630221,-0.0136899562619686,-0.00938987722076012,-0.00454622006330019,-0.000104668655493079,0.00362762909414593,0.0074049686194364,0.0113166317710238,0.0140697166981163,0.0148155454063523,0.0146328426267879,0.0152110293122503,0.0168000212495161,0.0184762460048601,0.0198265145683597,0.0211271714779906,0.022116610593464,0.0219262786251633,0.0204268350076244,0.0184979632122741,0.0165301658558885,0.0136883922249028,0.00940629656019365,0.0048708417816975,0.00207536045308843,0.00168306036393795,0.00260182793389396,0.00351836229588331,0.00411595645297014,0.0047674794779814,0.00567721959005385,0.00646713737529059,0.00612006011665867,0.00325672916623576,-0.00291429405053134,-0.0115325991135519,-0.0202328462169704,-0.0266086766199379,-0.0294606033086249,-0.0288262543847604,-0.0255229226773878,-0.0210059320812779,-0.0170478462934676,-0.0147811540145096,-0.0140403928356565
1,-0.0193630032035346,-0.0190575909842394,-0.0195593650316015,-0.0225319545618774,-0.0282965962895698,-0.0345042082175908,-0.0379014170660863,-0.0379358653878663,-0.0375477742545778,-0.0396439919540734,-0.0438382805529045,-0.0477653598156662,-0.0505739759364223,-0.0532301578897671,-0.0555091501264204,-0.0546747848406284,-0.0480446033341888,-0.0357817429231266,-0.0203893674994013,-0.0044375144121922,0.0102194446488655,0.0217829199031518,0.0285284903221443,0.0296160369516398,0.0251890646142661,0.015898740922685,0.00328918500367781,-0.00935937259754915,-0.0177400143326008,-0.0188542083655481,-0.0125824545573092,-0.00125516580773599,0.0113504230869417,0.0206040005631092,0.0225398446835996,0.0168097034809982,0.00810322578852496,0.00307194165990943,0.00488055238100138,0.0109760118362745,0.0161814192787517,0.0171485483228215,0.013478535807649,0.00572590078686108,-0.00603462615739225,-0.0213735261983592,-0.0382998881382814,-0.0537894252559097,-0.065584587679969,-0.0734229579082673,-0.0784513948753114,-0.0809656133588392
1,-0.000520443932428893,0.000877578412361579,0.00476166538165063,0.00996630526273495,0.0125957309981377,0.00997787958378343,0.0039131087053611,-0.00144817186948315,-0.00423561124848476,-0.00585528592211543,-0.00784496872074403,-0.00959272684248796,-0.00954739687789474,-0.00726875094877583,-0.00361583009927668,5.49639689372272e-05,0.00224937685770843,0.00199719318766595,0.00020846243644973,-0.000324647134873401,0.00255697776934793,0.00807546664434211,0.0134460485813447,0.0165035804065375,0.0163094663663269,0.0119252650549693,0.00285213670280968,-0.00864913390731589,-0.0176270227904933,-0.020551115042357,-0.0186157343872698,-0.0155307191319646,-0.0126760444819251,-0.00832165207185204,-0.00165959450670122,0.00458547415726779,0.00692798852029364,0.00535145917558594,0.00318314362625616,0.00307991192391088,0.00451917165617322,0.00533140861093406,0.00435457360604946,0.00191790709307921,-0.00129443099395388,-0.00473867029218805,-0.00767954993895303,-0.00942560014005145,-0.0101444732881533,-0.0107842865341177,-0.0118454587768202,-0.0127426381997185
1,0.00330633124695578,0.00412757948939124,0.00430611828348104,0.00281952972828869,0.000845193421568302,0.000529080303809493,0.00215577963464719,0.00327534550863506,0.000876039557147767,-0.00574601447082068,-0.0141843176893178,-0.0206125582071571,-0.0222242654932575,-0.0184678478795974,-0.0105826356357809,-0.000608278856925826,0.00882357362544384,0.014350610887564,0.013114536087639,0.00540438186214776,-0.00421613288777867,-0.00975054673257991,-0.00849596926189955,-0.00275612148505389,0.00304458689831411,0.00608707875953163,0.00580758260900593,0.00232342912505812,-0.00404223429492001,-0.0117300352794155,-0.0179679069430466,-0.020651740994393,-0.0196779835835837,-0.0160971666121937,-0.0107870379479057,-0.00465184914095507,0.000648221301358665,0.00348432793925268,0.00390311485673334,0.00362363403629595,0.00411412998752458,0.00526473614218292,0.00614355943261291,0.00628383141271405,0.00565722027352966,0.00398240371254444,0.00102670724459186,-0.0023809366697739,-0.00443904430619457,-0.0039884407639279,-0.00184028338559683,-7.97071135751892e-05
1,-0.0210106262918485,-0.0269827557969983,-0.0310572014232995,-0.026652382056324,-0.0180847441207895,-0.0149659637330605,-0.0194596323736633,-0.0244036219767357,-0.023439736796618,-0.0179304667753052,-0.0124422409392468,-0.00778210508350841,-0.00200422736493244,0.00408587421686968,0.0068513100734493,0.00539383991893916,0.0036545290021377,0.00525894940238658,0.00843772196719117,0.00839803046438636,0.00389241718239997,-0.000968498669328022,-0.00179616515735648,0.0011350154031261,0.00417979023948478,0.00514127672254638,0.00485107848379795,0.00438208109255322,0.00309960776462692,0.000474812530441016,-0.00210656949095178,-0.00328152744439003,-0.00420057056816259,-0.0064722148812576,-0.00817191337097389,-0.00547435519610262,0.000651227304031221,0.00316365140487584,-0.00244804691236,-0.0109685081988049,-0.0134539104166647,-0.00919023650555295,-0.00590127295312126,-0.00722155096644406,-0.00667863229051868,0.001526838804919,0.0113555341588144,0.0122690233711517,0.00554753809228636,0.00406326908930088,0.0138064322717667,0.0246522406757028
1,0.0241081418494814,0.0243217038786668,0.0246397511644405,0.0251130687754081,0.026109849714962,0.0279275549310301,0.0303380940354865,0.0327052929204366,0.0345106937647321,0.0356282171196669,0.0361497092064575,0.0361615008883864,0.0357623612663609,0.0351530246397049,0.0345627002274985,0.0340598458832252,0.0334233355840903,0.0321776373648915,0.0298499533008114,0.026394103980207,0.0224447346792176,0.0190278716724703,0.0168832809816952,0.0160696915229605,0.016223437749225,0.0170419380265704,0.0183812844509783,0.0200095154548759,0.0215227143802472,0.0225753342309178,0.0230824556061083,0.023184919144057,0.0231504327098039,0.0233141974581314,0.0238997471524078,0.0247558300813462,0.0254100411222674,0.0255686789733664,0.0255061806553974,0.0257915843334945,0.0266589479023248,0.0278221458331856,0.0289083288636657,0.0298602503015364,0.0308124442455989,0.0317422898560478,0.0324284685151097,0.0327107528819166,0.0326513455562877,0.0324405816392026,0.0322427501804711,0.0321387288624906
1,0.00733555341586811,0.00812146009869741,0.00924686543224018,0.00936593665851126,0.00729642409185094,0.00364263674480991,0.000717834311228405,0.000484054806197065,0.00299686547502831,0.00708410531589632,0.0117538156347725,0.0162727581571587,0.0195922320783144,0.0208781073413176,0.0204866917073632,0.0193666612164576,0.017399229735956,0.0133564629253045,0.0068225698908182,-0.000840206408874167,-0.00798239636577769,-0.0141379272844073,-0.0191348847979091,-0.0216624630427913,-0.020236976326871,-0.0154447294507059,-0.00977478722585112,-0.00482056645711104,0.000259882820441648,0.00698942302875505,0.0153121107794902,0.0238239049157409,0.0312856950694811,0.0367691817357574,0.0390222799561546,0.0373674765153862,0.0334099611582934,0.0304999625678954,0.0309396793988197,0.0346636038968708,0.0409796830960736,0.049944233093991,0.060463331829348,0.0681366286007887,0.067674261221682,0.0583922077747971,0.0457100023519177,0.0358233826958401,0.0298010986653826,0.0244426986741912,0.0182171484457327,0.0137274116851764
1,0.00312157380569167,0.00340075000866841,0.00404373508453981,0.0047763438680965,0.0050212933598841,0.00460490096101401,0.00426703387273791,0.00507877324474731,0.00719365142202649,0.00942660146525565,0.0103292671733363,0.00957463967345773,0.00803274928433023,0.00657764118696624,0.00521272284185681,0.00348436733115171,0.0013627538593442,-0.000659508262235264,-0.00218584848794778,-0.00326429330013311,-0.0041859693761942,-0.00534102232585215,-0.00727390653088578,-0.0102805123971506,-0.0135462502921713,-0.0151460123222826,-0.0137143464179432,-0.0102507178886748,-0.00762512829791218,-0.00780315651153857,-0.00980696589912805,-0.0108707786816315,-0.00951419356070432,-0.00700347932040363,-0.00570470969304171,-0.00647882894419288,-0.00805973840024715,-0.00872227302778794,-0.0080201612834106,-0.00676579863099658,-0.00569989770917867,-0.00457745883143384,-0.00257706731844154,0.000595430707993561,0.0040922818357983,0.0063227140019686,0.005953370481736,0.0027250932173451,-0.00241074818149684,-0.00780191509777534,-0.0118797613396092,-0.013855104139722
1,0.0110266155914107,0.0116676380975638,0.0140404409430184,0.0170267652258571,0.0165680242674859,0.0098741523371414,-0.000604612377472669,-0.00912505482029091,-0.0122989899697721,-0.0114067101550316,-0.00934594764113417,-0.00716996359456645,-0.00438473550280638,-0.00117105221748282,0.00123356943922859,0.00202101090160978,0.00154828270010965,0.000593901136052732,-0.000277133513080896,-0.000521049098361814,0.00036853365543732,0.0021127465309162,0.00315646658067081,0.00128203652012737,-0.00507312682899985,-0.0156056676077586,-0.0276465148623564,-0.0370750508929962,-0.0407457053307642,-0.0386149102832916,-0.0331523270116117,-0.0264847983208777,-0.0188233668049597,-0.0101166017987076,-0.00212408056627361,0.00275494035555895,0.00463783746264823,0.0064497501005929,0.010118616458629,0.0135124673082381,0.0125378662640789,0.00606111176140633,-0.00244718111372999,-0.00831617564141374,-0.00969444964022503,-0.00788178037604575,-0.00495062973323135,-0.00228808198396974,-0.000934134730117775,-0.0016432574089173,-0.00388443949422507,-0.00575091083127632
1,-0.0273224685395945,-0.00217200312477672,0.0426376549518963,0.0768817735802152,0.064548631398269,0.00849457985230195,-0.0410929868635055,-0.041414067778426,-0.0102499094411712,-0.00119427909090941,-0.0293129048127794,-0.0506985253295111,-0.0267890105095079,0.0177659288858081,0.0275638814553405,-0.00641376390654358,-0.0346563629387902,-0.0178698535623223,0.0213528780328653,0.0333748718732432,0.00915037193178936,-0.0124200287914533,0.000583871431453886,0.0358844945516177,0.060242744417951,0.0593158878675801,0.0409985245581383,0.0131473750692415,-0.0224030809133264,-0.0562505300017717,-0.0691489385735862,-0.049173314559618,-0.00342961738613212,0.0487917337069428,0.0858920894782829,0.087855398342338,0.0472353735950746,-0.0134485529987476,-0.0484429931115411,-0.0304987641257357,0.0180752466530718,0.0515711700427035,0.0545118115982133,0.0483867486688903,0.0435131651989442,0.0144982752660301,-0.0538986522551603,-0.11787777834264,-0.111535489892087,-0.0388048600087822,0.0226755457243506,0.0534157485907913
1,-0.0180510670537872,-0.0147252839412009,-0.00654756428861136,0.00506868177269826,0.0142266937558815,0.0150637745438907,0.00867649310856389,0.00309686845564106,0.00399610458271571,0.00773628173532814,0.00738923473165443,0.00366533516386625,0.00400310623253264,0.010758901673688,0.0172694277343604,0.0184294462687704,0.0183284512863676,0.0217950871142272,0.0240895820161859,0.0175295443340224,0.00565020502885194,0.000928489680685041,0.00756922526846548,0.0158909176368734,0.0172831579645374,0.0160101695947418,0.0196540089817979,0.024734440814231,0.0213041274204029,0.0090901410266081,-0.000480172456601036,0.00101147490860654,0.0101023965942398,0.0190910074093351,0.025060442511344,0.0275856093528553,0.024289658447429,0.0152333135697642,0.00787804593423314,0.0102565490538442,0.0198008006582775,0.0252600053202356,0.0208123404852296,0.0129877769893711,0.0112573934779123,0.0161812313820913,0.020747146960389,0.0207407534906601,0.0189020288408186,0.0189985613423171,0.0203617642962977,NA
1,-0.0130288777862486,-0.0122262151964045,-0.0116034847393707,-0.0122563616512172,-0.0142030631904366,-0.016391956520724,-0.0175914460194333,-0.0171115869843712,-0.015079376166784,-0.012401366165673,-0.0102655690916351,-0.00929728304769029,-0.00918644326729878,-0.00924415056021233,-0.00910200571965714,-0.00866397296002153,-0.00774472032572149,-0.00631497896380862,-0.00500142665362047,-0.00470741865237723,-0.00553084878095778,-0.00650941849974718,-0.00671574915993278,-0.00625149038056572,-0.00582160664402331,-0.00560133172134925,-0.00497017546314371,-0.00331709484348464,-0.00076335981425335,0.00195067699914819,0.00405641235585708,0.00519135809105076,0.0054449016056568,0.0050907040834931,0.00429256555929469,0.00319323786366832,0.00235822802414165,0.00285552535819744,0.00551113021995042,0.0100632919694439,0.0152726467538551,0.0198195503799306,0.0228772769148522,0.0240720275400019,0.0236383200827264,0.0229488647502274,0.0242859054700006,0.0292186594889903,0.0369236846205392,0.0443701811757966,0.0485613166348164,NA
1,-0.0481209143863248,-0.0255494982453071,0.00929804630235065,0.033445070287498,0.0302263637113134,0.00677847179724989,-0.0120242066783236,-0.00962066250658289,0.00486308705180427,0.00870228735511969,-0.00768639423776829,-0.0313976970890062,-0.0434797040487647,-0.0382117277691929,-0.0236975791077887,-0.00904283076168788,0.00301970567003274,0.0123489107645671,0.0169104360981436,0.0155756094758646,0.012982568571676,0.0173568256344572,0.0317292736620871,0.0484671311118383,0.0544580624854127,0.0425429181060375,0.0174481723800755,-0.0095167693187781,-0.0300344031267654,-0.0417567689318901,-0.0435416993793467,-0.0321575797144709,-0.00685987340185612,0.0236524789072954,0.0425396557226998,0.0368329004462815,0.0103283772216667,-0.0160549209679779,-0.0202976270967525,0.000700325892394993,0.0272128091871782,0.0356798527793076,0.0219945318191117,0.00288109296164318,-0.00585595552537121,-0.006362197166915,-0.0100704728959862,-0.0181485621555035,-0.0203226341494283,-0.0131655570101836,-0.00658655398619068,-0.00329705247438294
1,7.36366552693823e-05,8.5435116522703e-05,0.000271641825567492,0.000718031443191158,0.00127825966183437,0.00169142317954218,0.00177267458243779,0.00149531805311387,0.00103051695322787,0.000740080517484643,0.000959942524379365,0.00168960969970566,0.00262233253874466,0.00357397376238033,0.00472639824069443,0.00630026441667919,0.00813533655748966,0.00980866103227029,0.0110742927970104,0.0119440460440128,0.0123961873227367,0.0123254280589418,0.0118532640210915,0.0113901386289657,0.01119559714191,0.0110591247434639,0.0106203737687549,0.00988646078679878,0.00922991543856178,0.00895227738526838,0.0090546599625343,0.00939482754725063,0.00984177971336031,0.0102436318451975,0.0104478768006047,0.0104529209940072,0.0104080614993167,0.0103646801364894,0.0101217542349223,0.00941222358856919,0.00817193233286773,0.00653387038466846,0.00461606984242735,0.00242640766580848,-2.93944847200578e-05,-0.00262659271386489,-0.00512522601509335,-0.00726393583020624,-0.00887269701172588,-0.00995842544836201,-0.0106593555025007,-0.0110098205295701
1,-0.00629702831534296,-0.00622949222037295,-0.00607382739095508,-0.00581509497804555,-0.00546423501207172,-0.005082760535152,-0.00475563033368087,-0.00451080332981024,-0.00428536081604003,-0.00399636238326373,-0.00363262570362011,-0.00325726685808414,-0.00293748534497129,-0.00269992120184592,-0.00254179563825696,-0.00244644855652409,-0.00237906021843259,-0.00229282700549716,-0.00215382198085745,-0.00195296840491044,-0.00169979520349806,-0.00142598119121007,-0.00119123551049127,-0.00105067373311218,-0.000998036371178124,-0.000959481256002537,-0.000856720934671484,-0.00065869072208824,-0.00036141241273091,5.17949521861016e-05,0.000595028742084835,0.00123246423779544,0.00187420483311818,0.00242141643239036,0.0028039759166949,0.00299032384111619,0.00299528905199109,0.00288378526524169,0.00274216394050852,0.00263640685064859,0.00261081688593001,0.0027188504514255,0.00301596187109476,0.00350178385509037,0.00409206829562536,0.00467101225850675,0.00516254678649664,0.00554191212817923,0.00580374240020265,0.00595046744461891,0.00600582796485316,NA
1,0.00101311385186698,0.00102059506525554,0.00103534633125668,0.00105485463461941,0.00107558385137496,0.00109341136934038,0.00110367716497839,0.00110239538978663,0.00108761370755417,0.00105973777410862,0.00102106027811399,0.000974317157821591,0.00091988903276552,0.000854119135669906,0.000772312852684642,0.000674382892769554,0.000565873802820249,0.00045227787035218,0.000334324057297053,0.000210824320362679,8.41817178052207e-05,-4.03116357277078e-05,-0.000160183770593791,-0.00027748577895137,-0.000394347040370224,-0.000509793574439366,-0.000621866149570716,-0.000729841557004951,-0.000832570674426769,-0.000927355755666159,-0.00101328526124211,-0.00109411750671984,-0.00117510344085603,-0.00125789907853413,-0.00134103406629071,-0.00142397693106133,-0.00150692493361437,-0.00158668268891304,-0.00165713653922195,-0.00171598443015153,-0.00176829424149139,-0.00182102591330646,-0.00187596397053746,-0.00193060771095888,-0.00198446815203668,-0.00204082411165385,-0.00210150520684227,-0.00216210087872204,-0.00221355162985026,-0.00224794951284535,-0.00226334615802481,NA
1,0.0357749078118796,0.0270310153763766,0.0166719794550914,0.0097767829408677,0.00252290404177735,-0.00810321325610897,-0.0151509347243572,-0.0104557189859309,0.00187822322692255,0.00924145195940529,0.00616289544910442,-0.00168143918817654,-0.00877137128412597,-0.0163907148010776,-0.0252527127899596,-0.0292295537749796,-0.022377858302695,-0.00817413213867391,0.00367763755954176,0.00715248201990781,0.00213000118815243,-0.0100084818599879,-0.0262219399924828,-0.0381907268846644,-0.0364524664078738,-0.0208615940159251,-0.00210060099417975,0.00978663266732416,0.0140619900898631,0.0139723712064386,0.00845123701789618,-0.00457633505409127,-0.0192837759452147,-0.023947837969855,-0.0135270586212419,0.00445413248785376,0.018367373418579,0.0228774916275882,0.0190114504392376,0.00869239911898778,-0.00567401341462515,-0.0179864391447608,-0.0206444414818521,-0.0120412227738864,0.000732158491139057,0.00852511135579426,0.0082641211599519,0.00356408593532631,-0.000947410373765667,-0.00375673311422453,-0.00551770161966947,-0.00654352347393372
1,-0.0603784159944517,-0.0607845810510562,-0.0546410526312436,-0.0372691567392861,-0.0155884836117688,-0.00418511798849397,-0.00982100225849225,-0.0232156151021644,-0.0305807792171191,-0.0307474877125136,-0.0339840667336078,-0.0442728514335374,-0.051918440503184,-0.0477031638742139,-0.0357428288590424,-0.0245009750337822,-0.0120945563037711,0.00736319658787116,0.0255946585975819,0.0235361520782068,-0.00217513301750205,-0.0284694972809249,-0.0314127135375345,-0.015049891196424,-0.00380830539472843,-0.0105652351128036,-0.024689605543711,-0.0311775340139936,-0.0281957045558433,-0.0206797277662084,-0.0079984911529209,0.0117381092287117,0.0305304627117686,0.0346578513232507,0.0204844877970573,-0.000932613583195352,-0.0160902988361989,-0.0204280169354738,-0.0166193880400554,-0.00779128329600137,0.0035012608513445,0.012642821642868,0.0135444620599673,0.00240314595157753,-0.0190481365701846,-0.0421398253661788,-0.0535077686970912,-0.043362651977263,-0.0147927699540472,0.0171794305032207,0.0384266194812865,0.0464235473011225
1,0.00207933638263547,0.00199127009782529,0.00184658238228463,0.0016760556738955,0.00145401148328039,0.00112779853825473,0.000684185214373301,0.000152992951289566,-0.000439949988293664,-0.00108486160033738,-0.00175090169268799,-0.00237207056889122,-0.00288948461475003,-0.00329162449398135,-0.00359942047667161,-0.00382842074491618,-0.00398527265148574,-0.00409052399086707,-0.00417868493756157,-0.00427012673011484,-0.00435668859119476,-0.00441907571354183,-0.00444734566830784,-0.0044407399937656,-0.00439900391702319,-0.00432121668257168,-0.00420678600900515,-0.00405519497009887,-0.0038778061533622,-0.00371975720256934,-0.0036566803005873,-0.00374414589845329,-0.00395844671477663,-0.0041935176550385,-0.00432591396005355,-0.00429130465012939,-0.00411237542201004,-0.00386997276053669,-0.00364973088989617,-0.00349840718450389,-0.00341107144162223,-0.00335499038242215,-0.00331085759529959,-0.00329208671715753,-0.00332112232491744,-0.00338965121445156,-0.00345071453178059,-0.00345484974207255,-0.00339204305745988,-0.00329695081729109,-0.00321703510547877,-0.00317795878490634
1,0.0115836823692298,0.010735867968992,0.0110714289871865,0.0136749859222288,0.0172071066333813,0.0206140488245978,0.0248081086802138,0.0296207298157299,0.0312143147193922,0.0257329505643067,0.015021678579632,0.00572842809866037,0.00222338523084042,0.00280961182201711,0.00369220917534441,0.00413150881754842,0.00586943390824535,0.00936358444286978,0.0130962766059156,0.015794459169613,0.016899909626813,0.0151132510050596,0.0091876873571185,0.00103547093166034,-0.00419840430784713,-0.00297994820685155,0.00262250988518309,0.0071391181962267,0.00714217880325158,0.0032459088408453,-0.00231138533555153,-0.00779273840011108,-0.0114623887800456,-0.0112460863165229,-0.00659303952369472,3.68582015879415e-05,0.00495407273848447,0.00654954498474802,0.00615662752406587,0.00591708003772529,0.00681277889493898,0.0089044730597439,0.0123275369363253,0.0170058913573347,0.0215805078633288,0.0235622290519531,0.0211701524832808,0.0150459387540477,0.00796651068140342,0.00274883721255087,0.000341995206057988,-0.000217777525615026
1,-0.015607303237436,-0.0151231521848532,-0.0141348806334864,-0.0126549103913149,-0.010678145690393,-0.00831243086224975,-0.00581226020776238,-0.00334977623751631,-0.00088377911451798,0.00164175113086729,0.00412310166276963,0.00646266656230998,0.00876468239087558,0.0111756266522496,0.0136289357413506,0.0159439257588241,0.018078395843808,0.0200246755057123,0.0215022651155408,0.0220754869454629,0.021671300342065,0.0207439552312161,0.0198230657498202,0.0191172399130601,0.0186657811296851,0.0185992033120412,0.0190186903682099,0.0198370849654839,0.0210403333826754,0.0229725517726125,0.026037792135583,0.0301768360144055,0.0349385045719299,0.039988457737566,0.0451372113093267,0.0498562278031132,0.0533145748107255,0.0552257509188303,0.0563250025402839,0.0576340166716134,0.0594503898667311,0.0613747001738307,0.0630510240711795,0.0643454001666448,0.0649025266157889,0.0642064720271868,0.0623515103197396,0.0603098627233463,0.0590770940879591,0.0587828187296748,0.0588881584976303,0.058971011729922
1,-0.0144368369993924,0.00710047298886796,0.0650702400156389,0.12208481314181,0.105123189144494,0.0140648450909939,-0.052278020637325,-0.0238019970469434,0.0415758137003683,0.0430618571638215,-0.0218756290568702,-0.070233945064281,-0.060737485318743,-0.0316904559218942,-0.016398392128095,0.00263883558479261,0.0361486435741254,0.0491972834671435,0.0148570773128682,-0.0377012045050877,-0.0635116807371112,-0.055763891499315,-0.0277896457358962,0.0230991329805272,0.0919331241678796,0.133707037993357,0.105561622324951,0.031335558949543,-0.0223359325129318,-0.0320012015311706,-0.0341682387994142,-0.0512874935288874,-0.0501781448498884,0.00042681377759024,0.0668189781876896,0.0825890673725374,0.0315485643448188,-0.0323097950116118,-0.0473042520725331,-0.00588257620407173,0.0486821405279265,0.0715276439218107,0.0535050080244774,0.0151336591074402,-0.0261235622711586,-0.0720580773727093,-0.12281525897796,-0.152738788316278,-0.130153796563569,-0.0668610592333243,-0.0160487548523793,0.00935739733778096
1,0.0406647223030646,0.0431434599735997,0.0411287161279007,0.0295591544977011,0.0126968752115897,-0.000937413097283124,-0.00802646767840309,-0.0109482388265424,-0.0108972896304322,-0.00569944931719479,0.0046822944196292,0.0145231425590108,0.0168058532420321,0.00966134292347975,-0.0032639632718342,-0.0171225850121444,-0.0284264954399112,-0.0345516568606102,-0.0336181511435286,-0.0256175263813071,-0.012467035588544,0.00318762153997576,0.018169299838833,0.0282230571713152,0.0295614095704454,0.0222118367230986,0.0107605082251421,0.000611361399790011,-0.00598384492896564,-0.00955866042250997,-0.0102725227549361,-0.00691103579718833,0.00077530227627709,0.00999327211806311,0.0160628963504206,0.0157887916418374,0.0100166126989528,0.00329859526371734,0.000572925289219817,0.00303822084620864,0.00697033445479112,0.00736403564533972,0.0031933747433377,-0.00145078081756367,-0.00182594723346097,0.00238285563201168,0.00688466198419069,0.00714115868183152,0.00225033196219748,-0.00505541647363761,-0.0111768803243707,-0.0141842796569742
1,-0.00336992584828211,-0.00640695644808087,-0.0114551143276154,-0.0166006628282112,-0.020783254808125,-0.0242208187792481,-0.027425399628161,-0.0303696619346385,-0.0324839381404871,-0.0332192176017088,-0.0327251832828739,-0.0319575139554684,-0.0316423334592946,-0.0309954611106349,-0.0282540171485111,-0.0232015735866444,-0.0186115457586378,-0.0180101944793445,-0.0218688154698419,-0.0269123632460766,-0.0295093851810801,-0.0289885643081189,-0.0272778035814307,-0.0262333894847582,-0.0261944003965262,-0.0265476050267095,-0.026555083679269,-0.0256791851454381,-0.0240631480273485,-0.0228615137191834,-0.0232634761609591,-0.0248716993713369,-0.0257583431499002,-0.0245546056929227,-0.0219069748560714,-0.0194314940753186,-0.017855069107894,-0.0168378448890882,-0.0160685823907423,-0.0155540786884238,-0.0149945707478902,-0.0139045566285618,-0.0125886150593111,-0.0121536115691869,-0.0130613884747195,-0.0142043089690127,-0.0139213782752039,-0.0116185328985263,-0.00804098265725828,-0.00436799971191704,-0.00154171963318905,-0.000106924385820939
1,0.00619174343611512,0.00616877646166677,0.0061220119179734,0.00605034821955282,0.00594954227370953,0.00582235536468744,0.00568513302181341,0.00555813315983539,0.00545626912876407,0.00539318028763165,0.00538397401295226,0.00543503189881632,0.00553740639997002,0.0056777252455328,0.0058495669769892,0.00604846307332933,0.00626652133241788,0.0065030974381961,0.00677000340974157,0.00706852039844882,0.00736597403264819,0.00761225922310416,0.00777601875853029,0.00784648751887512,0.00780646396563051,0.00763361723809883,0.00733112903697178,0.0069192587689017,0.00637803073267484,0.00563805747739449,0.00467270316021609,0.00358226297857978,0.00253730375933639,0.00163467014422541,0.00084798360829233,0.000122348783720694,-0.000535343504925095,-0.00108820577116167,-0.00154558744021194,-0.00195568809237731,-0.00233839202338101,-0.00267397708040745,-0.00295791556574662,-0.00322342300818285,-0.00349843425834251,-0.0037743437485766,-0.00403136642256516,-0.00426336416878245,-0.00445855299078565,-0.00458615385767563,-0.00463269463264346,-0.00463288757573846
1,0.0174001042438461,0.0174303761496545,0.0175146989661736,0.0176460382419511,0.0177877390491448,0.0179206085795404,0.0180490124071352,0.0181584576335101,0.0182149343018371,0.0182232243972233,0.0182402334798878,0.0183046925134022,0.018395636795822,0.0184913096285355,0.0186265879395305,0.0188521266338781,0.0191790840989037,0.0196203132101369,0.0202561481479737,0.0211962661578576,0.0224950755276986,0.0241703000253158,0.0262894828497198,0.0289543174279114,0.0321873913872452,0.0359084404040971,0.0400348230539006,0.0445056395585506,0.0491411172864166,0.0535449202612724,0.0572326221274486,0.0598496590838044,0.0612436465359651,0.0614040682431602,0.0604301640816709,0.0585285542444661,0.0559407530541486,0.0528703272065407,0.0495582045344155,0.0463974759935467,0.0438063308895061,0.0418907237235953,0.0403187889261905,0.038641317098782,0.0367142430996755,0.0347364788235756,0.0329272914251147,0.0313091445041096,0.029847494929859,0.0286807327054472,0.0280549108592034,NA
1,0.0266220289778272,0.0276354074255618,0.0294128698182865,0.0312539170521238,0.0324120343853773,0.0324148849610797,0.0311447032592975,0.0288311456161228,0.0259636103978778,0.0231123622723193,0.0207761250777925,0.0193207298781386,0.0189116525807287,0.0194235153857707,0.020494932803778,0.0217612657018726,0.0230134601384231,0.0241430057962368,0.0250788913458797,0.0258314228092438,0.0263824135966855,0.0263586297844669,0.0250507385798122,0.0221429775563942,0.0183902203614273,0.0151738886842971,0.0132677074322199,0.012351224573392,0.0118348779965547,0.0117078737632665,0.0122245298642469,0.013139375478438,0.0138484542696583,0.0141917609160827,0.0145282177808017,0.0149390812613996,0.0149433687284557,0.0142959694882853,0.0135980186787292,0.0136721598729437,0.014608776691017,0.0158541040488704,0.0169839059958875,0.0178261536620348,0.0179285757650006,0.0166100690820741,0.0138099083982702,0.0104356333286239,0.00755463028450876,0.00554011073122773,0.00424507171149446,0.00359247041765032
1,-0.00143931980257848,-0.00143931980255241,-0.00143931980249437,-0.00143931980238755,-0.00143931980220924,-0.00143931980195884,-0.00143931980166202,-0.00143931980133293,-0.0014393198009592,-0.00143931980054152,-0.00143931980012538,-0.00143931979976522,-0.00143931979947531,-0.00143931979924,-0.00143931979906045,-0.00143931979895814,-0.00143931979894102,-0.00143931979899639,-0.00143931979912501,-0.00143931979935061,-0.00143931979969546,-0.00143931980016967,-0.00143931980079261,-0.00143931980158502,-0.00143931980251513,-0.0014393198034774,-0.00143931980435356,-0.00143931980509204,-0.00143931980571293,-0.0014393198062446,-0.00143931980667993,-0.00143931980697949,-0.00143931980709527,-0.00143931980698572,-0.00143931980662602,-0.00143931980600494,-0.00143931980510904,-0.00143931980391875,-0.0014393198024521,-0.00143931980081116,-0.00143931979917292,-0.00143931979772425,-0.00143931979660147,-0.00143931979586558,-0.00143931979548752,-0.00143931979536145,-0.00143931979537422,-0.00143931979547927,-0.00143931979567732,-0.00143931979591878,-0.00143931979608156,NA
1,0.00469977037449976,0.00456605309404479,0.00435372697785263,0.00414940202899006,0.00399041243852061,0.00387096733793779,0.00380301239760206,0.00382455854405972,0.0039524559787818,0.00415678755657511,0.00438244071664995,0.00457341646839371,0.00467930708585795,0.00467090687902472,0.00456415490955209,0.00440711450679743,0.00422555739388031,0.0039957698116555,0.00368971944859187,0.00333855450692511,0.00303379123629632,0.00286943680351959,0.00289451174085986,0.003109101978088,0.0034762361538343,0.0039279314115781,0.00437829668926026,0.00474584834010283,0.00495991938570217,0.00494846492433298,0.00464510536859875,0.00403153807105472,0.00316829212688452,0.00216460590414069,0.00111331640258561,6.33536809329094e-05,-0.000948039003455303,-0.00185893101243018,-0.0025990559981679,-0.00314398955073569,-0.0035393622058737,-0.00385455694267556,-0.00410435692736577,-0.00422562058911202,-0.00415175049001215,-0.00391753720746735,-0.00367123657990076,-0.00355981433711117,-0.00360473699452513,-0.00370777507676401,-0.00377193565652956,-0.0037861623102442
1,-0.031652890960808,-0.0334601509828241,-0.0192334948815305,0.0135462174004974,0.0388422683958678,0.0362032844441216,0.0193045102175013,0.0141233247156647,0.0234874075838487,0.0309915890438095,0.0288851497181477,0.0229741296445825,0.016941220745891,0.0109102295222077,0.0118241864407309,0.0263538514410051,0.0439082351805804,0.0445708186840159,0.0265460523204184,0.0102520450215118,0.0117155726794622,0.0259281007679617,0.0394637802546245,0.044383391402947,0.0359103142582216,0.0141714444763046,-0.0041078472045708,0.0051566154165521,0.0385358965382205,0.0564092642737135,0.0291895222777989,-0.0189075218125212,-0.0355003431483132,-0.00532161217356641,0.0333364893931534,0.0397488313684595,0.0171824420184787,-0.000111275023783497,0.0094866820566204,0.0355558542517076,0.0511585536916177,0.0393735787405414,0.00944534498615601,-0.010317098239623,-0.00245507287632241,0.0171145772270256,0.0185851042551741,0.000679246738158001,-0.00549233578323594,0.0172334673113668,0.0442505254886667,NA
1,-0.0322808436737354,-0.0324485131066181,-0.0305722245267557,-0.0251455890245467,-0.0164947012719017,-0.0054076764483133,0.00592241201743704,0.0117507499044303,0.00655067149310185,-0.00723843794954249,-0.0198405468116718,-0.0254154870856631,-0.0283027516635954,-0.0340191850054898,-0.0385885743677763,-0.0335360370321114,-0.0193118510624046,-0.00599091460273016,1.09422562184491e-05,0.00268476175325905,0.00740371159061848,0.0119489292466977,0.0116046821540898,0.008395087793172,0.00841214856236938,0.011509752082322,0.0101292293117279,-0.000545184654095365,-0.0158841389349176,-0.0271016966846833,-0.0299118748278673,-0.0257874399799798,-0.0173550083273373,-0.00603320390219242,0.00592123765839148,0.0137442215149788,0.0128338334030014,0.00411193050516356,-0.00371697861153208,0.00040120969563251,0.0195345618922538,0.043715791717891,0.0572719157011745,0.0522470052744053,0.0338902315304379,0.0132706915446512,-0.00328093045719502,-0.016697735391614,-0.0298311735937951,-0.0423005598186954,-0.0511020148037602,-0.0555027422962802
1,0.00435274765351679,0.00816173539470366,0.0123352205778016,0.0129751265346085,0.00896281371282726,0.00152019335116726,-0.00617091736802067,-0.00990005145871198,-0.00971728424039142,-0.0127814141968328,-0.0240448841794487,-0.0348613025102047,-0.030404518471741,-0.0106751789602466,0.00631446438724215,0.00800561784056075,0.00410649982089417,0.0109484061268903,0.0269900949882977,0.0360050785869683,0.0307451155782807,0.0210279026593847,0.0188929079713551,0.0265152800799333,0.0387457190461662,0.0464905107193161,0.0369801586390937,0.00409662392945442,-0.0366473511355823,-0.0555263419865195,-0.0390856423124033,-0.00465418991226318,0.0223647408537735,0.0353972365610966,0.041151637721117,0.0383477567697863,0.0195336838305744,-0.00865603122095404,-0.0244914459788053,-0.0149606610160484,0.0105845276203143,0.0343264632009133,0.0471340770843298,0.0473727557191213,0.0336554470572814,0.00808994534006402,-0.0188130086126934,-0.0351069467139089,-0.0380349217272951,-0.0340001603366709,-0.0303141166116232,-0.0284710947490785
1,-0.0219749217870588,-0.0196559911244749,-0.0158687993090492,-0.0123651888109124,-0.0102045720388091,-0.0091933076560764,-0.00890384141161871,-0.00946041391934305,-0.0109301268379143,-0.0124664942568473,-0.0128389772192201,-0.0118599945740794,-0.0107182368429384,-0.0106574496785941,-0.0116590984090259,-0.012633962969556,-0.0126525809647087,-0.0117951821215605,-0.0109630338149038,-0.0109384462619679,-0.011473311932912,-0.0114449974511004,-0.0103219662882501,-0.00921582593887549,-0.00955389079707047,-0.0107186421322589,-0.010501708014891,-0.00863357568909606,-0.0080182684970671,-0.010393455405485,-0.0121503910075371,-0.00809913846316768,0.000107873744618736,0.00335609021122418,-0.00415430306873588,-0.016153878054018,-0.020715415244478,-0.014699220630668,-0.00688322352954107,-0.00544075395415233,-0.00749460416523751,-0.00543099721261386,-8.22109595495224e-05,-0.000534656385430266,-0.0099742118051005,-0.0183042892008445,-0.0136206527026059,0.00231411044524221,0.0159405184120204,0.0186818542850117,0.0156704017131388,NA
1,-0.0139605849314344,-0.013819905858873,-0.013477584986533,-0.0129012313525061,-0.012118082630226,-0.0112201657440371,-0.0103491962519842,-0.00964121977564736,-0.0091434008430189,-0.00877614489244594,-0.00840436828445712,-0.0079648782537155,-0.00751270334350362,-0.00713678306956556,-0.00685606908677139,-0.00662052581093564,-0.00639372678754824,-0.00619825416998177,-0.00607825411141583,-0.00604225171166639,-0.00604717516144848,-0.00601910950295093,-0.00588800046013738,-0.00562902022897305,-0.00528954019702854,-0.00496736590335167,-0.00474619050946667,-0.00464091378278408,-0.00458899236815102,-0.00448002220371824,-0.00420978505155312,-0.00374656313155264,-0.00316302471732188,-0.00258381883873149,-0.0020875510427848,-0.00167227344733267,-0.00131460018209728,-0.00102292580363306,-0.000809824171809859,-0.000650725684350983,-0.000516271302637872,-0.000428658883139477,-0.000439451073343089,-0.000557731333829081,-0.000743859716034301,-0.00096674412685227,-0.00120917694777989,-0.00141080028520968,-0.00148050295016011,-0.00141010028755384,-0.00131726111845731,NA
1,-0.00198084844655755,-0.00203418300269254,-0.00208621635120598,-0.00192803074693393,-0.00132501382387917,-0.000332363512457801,0.000656357156274878,0.00131474199380177,0.00176244489090971,0.00240627785602332,0.00345379960241188,0.00472736775352522,0.00594221436416165,0.00700577293525562,0.00798263180964365,0.0088799470848363,0.00957330418296498,0.00991806090376612,0.00986848253256278,0.00948369659472625,0.00884318464556832,0.00797044656605372,0.00686342326366018,0.00562122411457922,0.00450030322775663,0.00377262922786192,0.00352660715828312,0.00366215579530049,0.00405924919354561,0.00464940095304001,0.00531383424646092,0.00585084768994881,0.00613548815677523,0.00622973124262427,0.00624977537500504,0.00621285045966791,0.00613778314685143,0.00622237415292415,0.00673053171956384,0.00766817500794792,0.0087026545694131,0.00945641264012687,0.0097889940457645,0.00976646410851223,0.00949322567485078,0.0090719034277742,0.00863312989785725,0.00827584177510388,0.00800082158132454,0.00777966723781276,0.00764611422924455,NA
1,-0.000859496760602152,-0.00085402056176509,-0.000837525366425673,-0.000804179693969065,-0.000750407199432201,-0.000674921799604267,-0.00057901934823934,-0.000467187645254441,-0.000345101824668737,-0.000215851234682152,-8.0090967334634e-05,5.91229378303915e-05,0.000194965882856835,0.000323769872884849,0.000451536573786493,0.000588971200088828,0.000739484131682566,0.000895840430693795,0.00104996550573788,0.00120228038540682,0.00135847528110289,0.00152013124669859,0.0016835061499334,0.00184745545265952,0.00201767473042924,0.00220012379312529,0.00239231919767913,0.00258440950506178,0.00276895023635415,0.00294737245096188,0.00312611302677013,0.0033084474449705,0.00349209703500741,0.00367372226086338,0.00385260187662806,0.00402891491907709,0.00420122233280118,0.00436816714823141,0.00453027936241068,0.0046851384362987,0.00482045036514389,0.00491800008465271,0.00496973559790281,0.00498849999693496,0.00499877534104387,0.00501709730022326,0.00504424495813538,0.00507405972112984,0.00510257750405874,0.00512647061253046,0.0051400967163755,NA
1,0.005688451201039,0.00632801134326366,0.00685389610023412,0.00652547125292813,0.00522982226842617,0.00294576978892835,-0.000637965994232825,-0.00542316261809195,-0.0104510020585776,-0.014833531330707,-0.0186829721971025,-0.0223555561654913,-0.0251644232065478,-0.0259073820306236,-0.0247018488376707,-0.0232442750008158,-0.0228576100764765,-0.0231565138354826,-0.0232270653982559,-0.0233193581430952,-0.0244136156516251,-0.0265135366359058,-0.0284074151011969,-0.0290930338384194,-0.0285355619511638,-0.0269304443439107,-0.024232007673449,-0.0208824327799533,-0.0181094813227411,-0.0166239919256179,-0.0154984476788647,-0.0133119595162001,-0.0102953327342516,-0.00836882763556535,-0.00876727077890971,-0.0103603110661041,-0.0107990360650394,-0.00884000142922914,-0.00504468171001848,-0.000644820826298576,0.00346051775103118,0.00659095334829773,0.00800444379006127,0.00731987909135934,0.00505606499918132,0.00237834748136456,0.00027317227430812,-0.000922200638731718,-0.00132975307679439,-0.00119428878409966,-0.000808790780263413,-0.000510603687386091
1,-0.0153131400264712,-0.00507308938845874,0.0106830116556869,0.0250130956112127,0.0356970084570301,0.0451570431820403,0.0552755214906067,0.0654317013993606,0.0749176947824122,0.0842689973503314,0.0933314791133895,0.10006249670081,0.102732406238944,0.102221387253595,0.100701188582508,0.0986811077312133,0.094821524502751,0.088418467823447,0.0805103247809926,0.0721947456165144,0.0632739100964668,0.0535843318690992,0.0449357245131545,0.0404999481850474,0.0420469427218189,0.0481774684915561,0.055314175170063,0.0602798537538578,0.0621728255946832,0.0621188336417966,0.0612801395383951,0.0593583589356614,0.0557043345072339,0.0517805502266884,0.0508634752523371,0.0539609782001511,0.057344603340711,0.0567812489501054,0.0541801152341657,0.0567438628446633,0.0676379360901826,0.0802821759667212,0.0855521949478293,0.083383462122769,0.0824479864272397,0.0873946580275462,0.0916179011902044,0.0868177617075101,0.0762921112242336,0.0721327346064029,0.0790155836626582,0.0876869637561237
1,-0.00527288963516437,-0.00652076128092727,-0.00623174413822758,-0.00213863110665935,0.00387348508972241,0.00697453445894269,0.00419699319333389,-0.00276705570018176,-0.00946704830757916,-0.0125070072452687,-0.0113304653427035,-0.00735789315403501,-0.00246918381586814,0.00178161066581417,0.00431465988626734,0.00442494540060601,0.00179216654143377,-0.00287372703772637,-0.00697352234026205,-0.00689874886761133,-0.00139324813373376,0.0059152078757092,0.00909199657139226,0.00610168261909827,0.0013234961416877,0.00044807607080033,0.00364794982341388,0.00578757426982968,0.00335368889255427,-0.00115263098806606,-0.00282836326280855,-0.00043358802698612,0.00314713958937562,0.0053175924969886,0.00595702073308435,0.00525478193192863,0.00243190000777926,-0.00161297740739386,-0.00249091246937527,0.00377195860257662,0.0149433439953424,0.0230406441507598,0.0217105538792359,0.0121115527374658,0.000866150440984148,-0.00640349954412711,-0.00828034395716593,-0.00581983403136044,-0.000473682722213375,0.00560479538543146,0.00949136032264963,NA
1,0.0343045225695301,0.042788911057029,0.054009926275302,0.0612436751532175,0.0632858066864542,0.0615937595813509,0.0552905388249615,0.0433305337259658,0.0283963088382165,0.0138091425421409,-0.00175717022327536,-0.0215321053993287,-0.0430536307150379,-0.0582673716776924,-0.0621900699462947,-0.0572554972491418,-0.0476729411374757,-0.0341226991090789,-0.0171710982845923,-0.00188947765853048,0.00623267072603517,0.00870962354314894,0.0124319811834954,0.0201170448247504,0.0263653644083722,0.024585520393414,0.014659838524103,0.00187437992059375,-0.00912493726657554,-0.016761430311296,-0.0206713302828821,-0.0205889563461741,-0.0172529330163618,-0.0125395676217817,-0.00808072248920463,-0.004195194221746,0.000326255993763847,0.0079564492554248,0.020577297701182,0.0360554340007516,0.0474083042508862,0.0478135045085559,0.0370514030170268,0.0216537842952679,0.00863845119955026,0.000688331736308369,-0.00274539390228113,-0.00257705358933336,-2.87565074971186e-05,0.00259111488127505,0.00349329631462002,0.00320784417368025
1,-0.00337194084464626,-0.0057422624546063,-0.00756800101027028,-0.00687161201443459,-0.00602496021870963,-0.00905553407317133,-0.0165650860498466,-0.025057881423753,-0.0306219704899295,-0.0313582418369848,-0.0266168352312252,-0.0168353889092491,-0.00550718106055981,0.00122678065729132,-0.000194699228859729,-0.00679694520611906,-0.0127907449824601,-0.0163416333779915,-0.0192118143581648,-0.0198261781026589,-0.011805067536107,0.00724047896983981,0.028602029465707,0.0389138616624533,0.0332808182299748,0.0185776121088715,0.00431302210669948,-0.00550845007450185,-0.0109961321459178,-0.0119455424595166,-0.00788896938004902,0.000346131345471234,0.0117553887693242,0.0249465116329257,0.0342192842592897,0.0304961851104458,0.0125723784562946,-0.00479657773739017,-0.00255026099366806,0.020746203985865,0.0451273076850507,0.0506202673571268,0.0365368171055564,0.015503800191162,-0.00421931106132817,-0.0214901579212005,-0.0319404481410754,-0.0279068645617523,-0.0114998248993656,0.0026912918470221,0.0043371050084523,-0.000433381027731716
1,0.00180450971900743,0.00433360653985121,0.00797149023024615,0.00971671528837086,0.00709172004269804,0.000295234008224551,-0.00737146822013282,-0.0117043382798829,-0.0110779032744181,-0.00730772943605612,-0.00239380079517097,0.0039950298275603,0.0113788313000773,0.0142191850694603,0.00593301871458077,-0.0106862608757994,-0.0214488198972898,-0.014155499606135,0.00728896431088599,0.0266757340863707,0.0331721990182614,0.0305427785688852,0.0278243045809967,0.0261273913106553,0.0187347152352833,0.00162170989241983,-0.0206231270055501,-0.0390525532385573,-0.0473831286931121,-0.0445653600113289,-0.0328709899855767,-0.0147409669649899,0.00821861897831414,0.0319189126309722,0.0460722229665842,0.0393483563263206,0.013500010606074,-0.0109125994718293,-0.0115544659870886,0.0109716907880142,0.0323304605926377,0.0318936070668438,0.0145360956099218,-0.000254366318395399,-0.00419935714308131,-0.0052174988297039,-0.00962072822082483,-0.0119798989268149,-0.00633602020410398,0.00260392913550925,0.00664106440188089,0.00596064102767851
1,0.0158015815275805,0.00729290484911882,-0.00347783363321419,-0.0122568134256325,-0.0227895143850994,-0.0359612489073395,-0.0397938934947195,-0.0218308739871018,0.00930417626686175,0.0263287511808414,0.0131553631857138,-0.0147410985850049,-0.0278523949533485,-0.0170835874066917,-0.00142454558537519,-0.000852558557665084,-0.0114478467435708,-0.0136758798595151,0.000670682732690331,0.0192864811644649,0.0270887800785111,0.0250429342604974,0.0267890883094291,0.0401283471658971,0.0565999021307251,0.0591932061926785,0.0381966325432153,0.000380076931745243,-0.0347883936617075,-0.0481564034533717,-0.0333137818273759,0.000909279137834673,0.0382705831306573,0.0638701206348768,0.0669234596706172,0.0426882598874396,-9.75466568773342e-05,-0.0353095284801377,-0.0346643379078833,0.00449907040089759,0.0506188251666551,0.0659404253102247,0.0435097201230166,0.00958040085003109,-0.0105605512976226,-0.0188059998119794,-0.0310457299814226,-0.0484099782841936,-0.05596622523107,-0.04900035339237,-0.0417669138407257,-0.0381501940649391
1,0.0409258542983464,0.0386597328429241,0.0341057763643278,0.0287360612992587,0.0245702076552738,0.0220163479800835,0.0198296125442954,0.0176812551963741,0.0174864170658782,0.0210109988258718,0.0271060642477361,0.032873457342603,0.0370223149126361,0.0400940689845632,0.0412112505937137,0.0369655182107482,0.0253506900145737,0.0098576322651639,-0.00240686932250245,-0.00721695803214617,-0.00693033538184862,-0.00727052209504686,-0.0110980626455304,-0.0160423222745658,-0.0180034169649259,-0.0160186119971759,-0.0129901677376487,-0.0119865383632478,-0.0130266704221416,-0.0140773282642226,-0.0139643816572779,-0.0125087955480097,-0.00830359752766374,0.000650381648933163,0.0124343883695919,0.0196919892824847,0.0161051852115697,0.00434787910264611,-0.00543069020377374,-0.00607882910751556,-6.46871207898858e-05,0.0055111131567267,0.00762442270475305,0.00818050749995192,0.00811664082444996,0.00503584048857308,-0.00260397051602901,-0.012352586787524,-0.0206300612668002,-0.0265178071834433,-0.0308305165647738,-0.0333675690379611
1,0.00806111163416046,0.0080591752941952,0.00803383471407382,0.0079756521449974,0.00790183171297887,0.00782209561104641,0.00770232900660983,0.00748169488958594,0.00712344677485843,0.00663417798653643,0.00603674208746918,0.00534579641745636,0.00457568118083218,0.00374905521797841,0.00287623212384713,0.00193519430757916,0.000895584475446354,-0.000234703319717644,-0.00140482384319229,-0.00256998714514722,-0.00373036699425033,-0.00490947149314169,-0.00610433107370145,-0.00727224952054106,-0.00836148856120422,-0.00933800599534207,-0.0101828743659924,-0.010885815377268,-0.0114558610773188,-0.011926555354753,-0.0123310316589782,-0.0126702757959303,-0.0129174925620517,-0.013055049276121,-0.0130944399204449,-0.0130536675747834,-0.0129266782192941,-0.0126900491405326,-0.0123408335958708,-0.011919694754255,-0.0114948055024477,-0.0111275254684251,-0.0108514384026204,-0.0106714316747152,-0.0105712730931817,-0.0105233155777726,-0.0105010930943195,-0.010490225798466,-0.0104887798701447,-0.0104973993192428,-0.0105108325494025,-0.0105200289231091
1,-0.000698357879928009,-0.000620241465640728,-0.000452996013097541,-0.000199066494626251,0.000131953123404145,0.000524430504943649,0.000960707918798504,0.00143402360443829,0.00194577717422503,0.00248297656461897,0.00301539289276746,0.00353297362229443,0.00407702733817775,0.00471364290213387,0.00547638966085576,0.00634994605792162,0.00730592271047043,0.00833093740765192,0.00941238209307582,0.0105185083271922,0.0116097632704529,0.0126583410751072,0.0136402695308354,0.0145155307563891,0.0152329637151669,0.0157537104647005,0.0160593596852696,0.016144516800383,0.0160210960097945,0.015730320989931,0.0153285186325445,0.0148478271076186,0.0142793064685458,0.0136018587381015,0.0128199362570069,0.0119699708372871,0.0111049690130923,0.010282503119532,0.0095511141721204,0.00892783041987649,0.00839589151113485,0.0079446091621454,0.00760560425805007,0.00742018345662859,0.00736124166932739,0.00731434760324617,0.00716453914754517,0.00690083973346722,0.00662063796406659,0.00643179159904778,0.00636098037250943,0.00635496885651093
1,NA,NA,NA,NA,NA,NA,NA,NA,NA,NA,0.0406206955008357,0.0314021425202604,0.0175745465025869,0.0046410769740326,-0.00671436281798066,-0.0173017198975556,-0.0241527671866801,-0.023988405176526,-0.0203490572204135,-0.0213782697674036,-0.0288343055665037,-0.0335443157485047,-0.0250890912754627,-0.00405515921283706,0.0182201574098679,0.0306245287683531,0.029601311064376,0.0164317062295571,-0.00745383701931202,-0.0390429581557785,-0.0700608570289294,-0.0895116329271128,-0.0916789404259866,-0.080130040604234,-0.0628869535222564,-0.0451140564678264,-0.0279441586694561,-0.0129456079218914,-0.00419052148569443,-0.00405557513396937,-0.00864449952961011,-0.0103326581576727,-0.00570168962341522,0.00067852836500204,0.00160769561885332,-0.00467017930702318,-0.013290015536672,-0.0189179082445293,-0.0207452060470678,NA,NA,NA
