1,0.602784949065635,0.398958339802036,0.116742122258856,-0.0721864003270749,-0.118602356003058,-0.105769128150273,-0.108867558566666,-0.103283755833937,-0.0351337879892157,0.0604457851905909,0.0790390802085197,-0.00499371800026216,-0.0734963621476172,-0.00137029060280058,0.0933718784747569,0.14568805696014,0.12194554493158,0.0747810245841979,0.0152239903593965,0.0152239903593967,0.0152239903593963,0.0152239903593967,0.0152239903593967,0.0152239903593965,0.0152239903593965,0.0152239903593965,0.0152239903593967,0.0152239903593967,0.0152239903593963,0.0152239903593967,0.0152239903593965,0.0152239903593967,0.0152239903593967,0.0152239903593963,0.0152239903593967,0.0152239903593967,-0.116074613842665,-0.116074613842707,-0.116074613842787,-0.116074613842878,-0.116074613842929,-0.116074613842887,-0.0961669622897044,-0.0574332015607857,-0.0364223423518888,-0.0183332354084699,-0.0248924382934268,-0.00923687247651854,-0.0216916032314616,0.00963475553736222,0.0904476972669111,0.153512415432747
1,0.0164352312189258,0.0137757876613985,0.00794349842720185,0.000724810062880131,-0.00394451191193326,-0.00330508789199349,-0.00182011952195612,0.00867138175084111,0.0192850667044985,0.0254268308845458,0.0234142936989403,0.0149263840444423,0.00645658706930802,0.00456302169068601,0.0101481991163822,0.0179701833841841,0.020525421365441,0.0188342065476527,0.0157913905787782,0.0122677193639167,0.0110302264714639,0.012314924473687,0.0153668447309748,0.00853890924345052,0.00647378563844083,-0.00693167731194005,0.0153117126423393,-0.00884827779334084,-0.0272652136855408,-0.028678865772708,-0.0261143351240815,-0.0308737276811203,-0.0447670327852296,-0.0392989573878066,-0.0228951325289663,-0.0102266818776863,0.00645723482567108,-0.0025672098209564,0.0218328773893603,0.0398922893353962,0.0263230297888401,-0.0200562816454434,-0.0716921412614394,-0.0737929165857547,0.179603484768806,0.0533293950539007,-0.150195430038264,-0.16998675820916,0.123309083974926,0.593517169534497,NA,NA
1,0.043316111645722,0.0414003388359054,0.0381037729107936,0.0344002595328549,0.0307090693256291,0.0266233821140932,0.0215711834404687,0.0155312915813596,0.000758695705420212,-0.00690321962318591,-0.0171654527375378,-0.0258384902487371,-0.0284225754699835,-0.0391260198168397,-0.0121792938805468,3.82195494276205e-05,0.0088141337714539,0.012641653979266,0.0133038981086574,-0.00759305198006932,-0.0075930519800691,-0.00759305198006932,0.0346442958511161,0.0190366474624473,0.00454262843112934,0.00760230992691616,0.0207406526453762,0.0201022462805164,-0.00213744259081265,-0.0238629606589065,-0.018949511048698,-0.0260662255575447,-0.000244643977490655,0.00858030364517181,0.0156198824761991,0.0207421542674312,0.0158621880061782,0.0127483551474639,0.00398240009761827,-0.0112221453617236,-0.0130734242056404,-0.0124406399584948,-0.0177542228357476,0.00915691834037477,0.0158702408473198,0.0130185452381848,-0.0198200583812981,-0.0359288803118307,-0.0353900749786339,-0.0173539826363859,0.0169435233474387,0.0466122301327793
1,0.0343807846693952,0.0471616460419975,0.0480870414748544,0.088996500131983,0.0809749075173189,0.0698952733892934,0.0581127687676716,0.047497306368192,0.0388505619505679,0.0323822844488684,0.0272444922271851,0.0416430168402278,0.0408516972885103,0.03858635214637,0.0278761837392556,0.0214564346891572,0.0150631989558161,-0.00224922821006301,-0.00521979737408018,-0.0245807154405416,-0.026122598429877,-0.0312063181401854,-0.0672394673870833,-0.0667547886882869,-0.0355198305658316,-0.0390150301704293,-0.0427019744946296,-0.0405951549232461,-0.0307393177889877,-0.0173344411683871,-0.00662658575048065,-0.0016542079394271,-0.00151550665879639,-0.00459257960528782,-0.0103592610420933,-0.0175895240349681,-0.0229864762469009,-0.023816575282947,-0.0214754370647064,-0.0202109434140218,-0.0449220300565716,-0.042118508691102,-0.0347610148613947,-0.0255326367186869,-0.017003844470488,-0.00995634280081464,-0.00407915216578262,0.0043399851071893,0.00806547948710112,NA,NA,NA
1,0.0432607931752461,0.0110668141883311,-0.0117004698007307,0.000147277294672557,0.00770618324391706,0.0182865075422321,0.0126688865952551,-0.000293960974539339,-0.00112643889323651,0.00836546879859108,0.0205994140659286,0.0255800209864233,0.0230291136431912,0.0166875706066727,0.010564868143906,0.00421100333584057,-0.00431808400884861,-0.00960845852064447,-0.00347453944706079,0.00640489464844522,0.0192609888663299,0.0201475356179952,-0.0294312947063365,-0.0296808735794435,-0.0296645851389775,-0.0285698287430144,-0.0257378347828737,-0.0209597651242946,-0.0145739847184823,-0.00743851211735599,-0.000691863700452417,0.00415864898435348,0.0035595119607035,0.00825261555528328,0.00903913205471023,0.00957445125921825,0.0177226861542308,0.00927621230707113,0.00861077700239505,0.0038008158800046,0.0033099710076261,0.00315496628151671,-0.00157291974140598,-0.00150890578017908,0.00225840357153884,0.00189371901416696,0.0016673225189039,0.0132644018728201,0.0140245553490516,0.0193867842988736,0.0200327165826073,0.00737416633375812
1,-0.03197503716536,-0.0290056696001869,-0.0270541385715054,-0.0236050492359401,-0.0190666547341348,0.00036563371887079,0.00316499964703408,0.00332724349863622,0.00149133023299489,0.000442731172434457,0.00329619306612941,0.00986200218464403,0.0164769773385501,0.0194099882452133,-0.0182350060492001,0.00451381123258216,0.022196150893731,0.0121408392002797,-0.0088337360856802,-0.0109665466058198,0.00280197744412177,0.000742915751031988,-0.0299052107104377,-0.0613603793320999,-0.0615496457602142,-0.0359529069741387,-0.0155683451293513,-0.00140823319331661,-0.00359406565810113,0.011238877164053,0.0260663382635481,-0.0186556762095679,-0.0160922970228016,-0.0063553688866199,0.00565664078958096,-0.0296009191086109,-0.0316920771855345,-0.0213479297561735,-0.00946507714899446,-0.00273787533619143,-0.00747323282968978,-0.0249733378749214,-0.0490514536025943,-0.0910280211481881,-0.0157219583271284,-0.0225544625406753,NA,NA,NA,NA,NA,NA
1,0.00612841241792106,-0.00479996613712227,-0.00430493189144216,-0.00346319013908923,-0.00172936431771247,0.000965773381127402,0.0048346990962835,0.00972980475768903,0.0149705826268221,0.0201761773248318,0.0242472477178521,0.026836205323429,0.0350013553854945,0.033166621004859,0.0292038563673159,0.0233499229718534,0.0164141782306451,0.00875459644724049,0.00116133160535966,-0.00596669577876074,-0.0118380944592772,-0.0160298300505618,-0.0178127592691893,-0.0279782772546341,-0.0236833758989734,-0.0164229370202879,-0.00757968855845004,0.00198673713477664,0.0101352734854117,0.0160119949002613,0.0183748587612342,0.0170550705149546,0.012683718435124,0.0058543068274913,-0.00164368369933285,0.00199908296355908,0.00236005101798693,0.00640936934739948,0.00953632920718661,0.00408208312668819,-0.0154179982033567,-0.0464407119499827,-0.07800985219955,-0.121565130729712,NA,NA,NA,NA,NA,NA,NA,NA
1,0.0892354420570749,0.0501101611579535,0.0109015314189969,-0.0198296095095958,-0.0340623713394522,-0.0278059078278562,-0.0103489843150908,0.0167993916702906,0.0314293917355152,0.0371483811082021,0.0510147473961378,0.0388654844134835,0.0258696341061394,0.0154382673677442,0.00670540512686995,-0.000480469972175245,-0.00118090750076792,0.00517863654326163,0.0112320131713719,0.00854565756827417,-0.00142360342776809,-0.0101234143020493,-0.0191881138940452,-0.0218122774541527,-0.0280722002149999,-0.0356430319756214,-0.0385274018885539,-0.0338014482952878,-0.0218477595792355,-0.00418773546739423,0.0142068846592217,0.0274862400935277,0.0352335817163709,0.0276210346845923,0.0116286989844253,-0.0877290785295988,-0.114127271904403,-0.0923267129933912,-0.00952892633683178,0.0189104390336173,0.0235957088663294,0.00475165316697218,-0.0230188746268968,-0.0547753012174665,NA,NA,NA,NA,NA,NA,NA,NA
1,NA,NA,NA,NA,NA,NA,NA,NA,NA,NA,NA,NA,NA,NA,NA,NA,NA,NA,NA,NA,NA,NA,NA,NA,NA,NA,NA,NA,NA,NA,NA,NA,NA,NA,NA,NA,NA,NA,NA,NA,NA,NA,NA,0.0459928965316071,0.0459928965319911,0.0459928965328042,0.0459928965339536,0.045992896535222,0.0459928965363627,0.0459928965371988,0.045992896537678,0.0459928965378655
1,-0.17597521212047,-0.112466665706639,-0.0163638138236453,0.0397810122925918,0.0543244292157624,0.0368182212411499,0.00851983193953244,-0.011406014648293,-0.0184322469373542,0.000404187807816481,0.000404187807816703,NA,NA,NA,NA,NA,NA,NA,NA,NA,NA,NA,-0.0134153433678705,-0.0134134555781329,-0.0132607040678907,-0.012723567701773,-0.0116204371506707,-0.00996206131287421,-0.00793043256188941,-0.00557108075496101,-0.00295273293208649,-0.000364073108579333,0.00399972253891666,0.00589231910755973,0.00796352424674975,0.0102218336122755,0.0135721608209681,0.0165224763131161,0.0190183657684778,0.0211318748404686,0.0233023961648722,0.0256677129208143,0.0283395546116732,0.0312492832448586,0.0339364795279081,0.0360001456291661,0.0373779810680177,0.0382910543392994,0.0390053344242277,0.0396347858797742,0.0401231805920326,0.0492753432772552
1,-0.111432494932097,-0.188479267938807,-0.153669763940481,-0.0503591839290067,0.0257107068963413,0.07459749988969,0.117253251317426,0.150086763840002,0.131559244700208,0.0336522861724361,-0.075938847643562,-0.0750535235134093,0.00262532814417611,0.0606468172867059,0.0311597361094424,-0.00553692884425767,-0.0127951421924414,0.00531091730424963,0.0116958180870399,-0.00839948770387257,-0.0302343706683855,-0.0220198778963094,0.0160775210598072,0.0501180528736771,0.0411468302834105,-0.00590285913188634,-0.0439272343388432,-0.0454309590310722,-0.0114048647178573,0.0284566846098046,0.0457401381656095,0.0451116396844327,0.0192008991003097,-0.00700672444730608,-0.0343578367202169,-0.0907218899318301,-0.107944976118895,-0.10901057086595,-0.0321001342813506,-0.0176020260700588,-0.00784159406776841,0.00486809188797726,0.0129532752816189,0.0191513680436403,0.0279878708981105,0.0198984205671967,0.0177312419430442,0.0211066471740213,0.0550562629405708,0.0454019766760201,0.029224714065111,0.0132746430944549
1,-0.00693168706249861,0.0363951057634792,-0.0297556391891208,-0.0598879258295224,0.0123515999231968,-0.0217996655226013,-0.0555207600405621,-0.0689987601837156,-0.0422311109395277,0.0111839387040767,0.0498005350203003,0.0449878825648318,0.00622848095177664,-0.0379912060468862,-0.0712024905013011,-0.0635911586706673,-0.068953619774061,-0.063488166254976,-0.0510502003494408,-0.036786836740053,-0.0190046919109748,0.00440758636267544,-0.00138140889751453,-0.00643631595799444,-0.0320376251623937,-0.0389754317502454,-0.0161555386597298,-0.0100930271934939,0.0132672390857632,0.030274891885163,0.0416090193099437,0.0433377093144179,0.0406963264091073,0.0296619055844419,0.0120487744780406,0.000175727548506677,0.00114179654191318,0.00506067802834014,0.0108767639205335,0.0175456461326443,0.0213992047409958,0.0146950486090875,0.0104387515422449,-0.00344278296519078,0.00351855908769802,0.00715861210549443,0.0152140953688426,0.023919964411104,0.0220302557601524,-0.0028099523221604,0.019065274024829,0.0140188832122396
1,NA,NA,NA,-0.0430925664539202,-0.0430925664539205,-0.0333896293587785,-0.0254553343511746,0.00308728895361909,0.0455956005273228,0.0711316540127132,0.0588166154674094,0.100967688696044,0.0936418789100415,0.16715453840461,0.242337503453816,0.21562864085504,0.0868323431675289,-0.0287043663320872,NA,0.0351168385905081,0.0351168385905082,0.0351168385905082,-0.049290428687735,-0.0500301570480994,-0.0502758430590139,-0.0509326000537924,-0.0561232398237971,-0.0680951270858384,-0.0818390630026773,-0.0876310437922344,-0.0800508336369932,-0.0631556876776937,-0.045671961402097,-0.0323454951571842,-0.00560411624667578,0.00276020510377164,0.00960796027732092,0.0117141842129882,0.00789522377313869,2.78778484482378e-06,-0.00956810243351655,-0.0196240633128377,-0.0787358464691825,-0.0847066487124936,-0.0733085922505125,-0.0417200323820651,0.0028878471729407,0.0472281589785545,0.080633154373539,0.101282320265663,0.114097491244546,0.196784976732116
1,NA,NA,NA,-0.0376074483263025,-0.0376074483263025,-0.0376074483263025,-0.0376074483263024,-0.0376074483263025,-0.0376074483263026,-0.0376074483263024,-0.0376074483263025,NA,NA,NA,-0.0494204736572131,-0.0494204736572131,-0.0494204736572129,-0.0494204736572131,-0.049420473657213,-0.0329827134337762,-0.032975105120039,-0.0329598884925644,-0.0329370635513529,-0.0329066302964037,-0.0328685887277176,-0.0328229388452942,-0.0327696806491335,-0.0327030298325253,-0.0325974359661079,-0.0211835511264856,-0.0210490406800023,-0.0160464721033971,-0.0162058337682337,-0.0161349341125959,-0.0160668742958234,-0.0160037896497604,-0.015640208262045,-0.020289739473698,-0.0202563310950955,-0.0184809986779405,-0.0184691956957721,-0.0184650309595949,-0.0214753400685676,-0.0172737209467092,-0.0172737209465848,-0.0172737209464978,-0.0172737209464657,-0.0138617113122845,-0.0138617113123286,-0.013232433836323,-0.0132324338363545,-0.0101149131898946
1,NA,NA,NA,0.0255781914842061,0.0255781914842063,0.0255781914842063,0.0255781914842061,0.0255781914842063,0.0255781914842061,0.0255781914842064,0.0255781914842061,NA,NA,NA,-0.0160959868378326,-0.0160959868378327,-0.0160959868378325,0.0485766232458961,0.0445513761171547,0.0372474299805678,0.0296509773197121,0.0225085662554918,-0.0384811877951211,-0.0373148759420012,-0.0311379500700602,-0.0216411780703186,-0.00869294908031396,0.00900920089630252,0.0275682357777367,0.0350756310445323,0.0213648183913253,-0.0224229504154701,-0.0364306556894395,-0.0203617116006983,-0.0140469079775785,-0.00766381633028176,-0.0134786545223149,-0.0143024728824347,-0.0159581484396726,-0.0242099057494395,-0.026667104453261,-0.0290907855225298,-0.0363930879261878,-0.0402831602350967,-0.0359355932370314,-0.0393324760236093,-0.0402034670110044,-0.0306488746562723,-0.0273023128522099,-0.0207810187710505,-0.0185111533692432,-0.015622446507383
1,NA,NA,NA,NA,NA,NA,NA,NA,NA,NA,NA,NA,NA,NA,-0.00646073904044664,-0.00759430811422068,-0.00967043118633637,-0.0119250479550461,-0.013871694318619,-0.0143285741718471,-0.0129157042005144,-0.00929494725294688,-0.003381769041225,0.00482383043464973,0.0148137686115069,0.0249507349707175,0.0294436712258628,0.0335585704235742,0.0371949591458321,0.0399509437205502,0.0417434344872616,0.015415250968401,0.0174163465114239,0.0172334787356413,0.0168604241945335,0.0162971828881035,0.0109260660305415,0.010743629061837,0.00989623614182379,0.00688710907981526,0.00583631203106937,0.00472557468257592,0.00360300868427651,0.00258644603601504,0.00170534473775128,0.000959704789481857,0.000354359183468379,-0.00150208850180534,-0.00191763077906994,-0.00707408398135761,-0.00720728206287678,-0.00971374783251521
1,NA,NA,NA,NA,NA,NA,-0.0165532659650187,-0.0165532659650187,-0.0165532659650186,-0.0165532659650187,-0.0165532659650186,-0.0165532659650187,-0.0165532659650186,-0.0165532659650187,-0.0165532659650187,-0.0165532659650186,-0.0165532659650186,-0.0165532659650187,-0.0165532659650186,-0.0165532659650187,-0.0165532659650187,-0.0165532659650186,-0.0165532659650185,-0.0165532659650187,-0.0165532659650187,-0.0165532659650186,-0.0165532659650187,-0.0165532659650187,-0.0165532659650186,-0.0165532659650187,-0.0165532659650186,-0.0165532659650187,-0.0165532659650187,-0.0165532659650186,-0.0165532659650187,-0.0165532659650187,-0.0165532659650186,-0.0165532659650187,NA,NA,NA,NA,NA,NA,NA,NA,NA,NA,NA,NA,NA,NA
1,NA,NA,NA,NA,NA,NA,NA,0.0883039070028708,0.084531535037593,0.0758763419312349,0.0631127675889473,0.0488466010034774,0.0349867474466699,0.0208889082177222,0.00457161764467839,-0.0142430421544821,-0.0327323559233483,-0.0468638643670287,-0.0548416095536526,-0.0588350847930474,-0.0630457690947117,-0.0694645742635136,-0.0753916792388147,-0.0756011574491984,-0.0671165352222953,-0.0515424438639576,-0.0330641309788926,-0.0154489743823967,-0.00138775133251778,0.00696772694987713,0.00883891727798636,0.00605955546325898,0.00197109607855994,-0.00126216710044424,-0.00332468095664673,-0.00384014237663832,-0.00138470600223561,0.00472907712554882,0.0126780266430591,0.0192006802231348,0.0220622743695547,0.0208603955790476,0.0161349125637851,0.00887461714307447,0.000788247375275386,-0.0060592891466289,-0.0589659364833731,-0.0599760372543858,-0.0602814193311882,NA,NA,NA
1,NA,NA,NA,NA,NA,NA,NA,NA,NA,-0.0192050255623291,-0.0178736509441326,-0.0156510693744616,-0.012974575623993,-0.00935593134554535,-0.00368655720104338,0.00452154855723474,0.014391502407272,0.0240261534688244,0.013171016200841,0.0151395467748282,0.0154111782847237,0.0146039689913408,0.0134276364920479,0.0120994840844362,0.0102800301861289,0.00765498259999753,0.00448780792230619,0.00145317930547084,-0.0010347723366434,-0.00314762126105372,-0.00525235048950801,-0.00734956932689534,-0.00901818577791424,-0.00986616442354071,-0.00508471602475646,-0.00508471602475646,-0.00508471602475646,-0.00508471602475646,-0.00508471602475669,-0.00508471602475624,-0.00508471602475646,-0.00508471602475646,-0.00508471602475669,-0.00508471602475646,NA,NA,NA,NA,NA,NA,NA,NA
1,NA,NA,NA,NA,NA,NA,NA,NA,NA,NA,0.144982278120275,0.175905444811229,0.195582843575422,0.146049016289511,0.0122859406008624,-0.150716031233689,-0.25638368525059,NA,NA,NA,NA,NA,NA,NA,0.0252094860582495,0.0252094860582492,0.0252094860582495,0.0252094860582492,0.0252094860582495,0.0252094860582495,0.0252094860582492,0.0275602797399839,0.0307991651163826,0.0307991651163827,0.0307991651163827,0.0307991651163827,0.0307991651163827,0.0307991651163827,0.0307991651163827,0.0230993738372869,0.0230993738372871,0.023099373837287,0.023099373837287,0.114550427316974,0.114550427316974,0.114550427316974,0.0230993738372871,0.0307991651163826,0.0335940046454495,0.0299110734217183,0.0299110734217185,0.0299110734217185
1,NA,NA,NA,NA,NA,NA,NA,NA,NA,NA,NA,0.0159241812000597,0.0100586564802612,0.0118298935025006,0.0269498393222837,0.0400766255586734,0.0335062224049196,0.0104891030184281,-0.0112063836248857,-0.0232483830520622,-0.0309906402285052,-0.0348215168506856,-0.0589201180236783,-0.0528434284249589,-0.0501156336845329,-0.0564964031904477,-0.0712192670380976,-0.0893198584855177,-0.10632163869399,-0.115683080807238,-0.107126745915166,-0.0771444817943268,-0.0396655679050407,-0.0152003424210329,-0.0065199070749713,0.00391700295219816,0.0254234909666209,0.0394061897480155,0.023479796737326,-0.00953630766779188,-0.00979628421996718,0.0164640954741043,0.043931715657211,0.0419291952751231,0.00792883629635902,-0.0131705087475642,0.00298411519296098,0.0323741013952947,0.0366592180784831,-0.010650354371026,-0.0586170058968233,-0.160211461603875
1,NA,NA,NA,NA,NA,NA,NA,NA,NA,NA,NA,NA,NA,NA,-0.00354967301489645,-0.0035496730148965,-0.00354967301489639,-0.00354967301489645,-0.00354967301489645,-0.00354967301489634,-0.0035496730148965,-0.00354967301489639,0.0103339837089648,0.0103339837089675,0.0103339837089717,0.010333983708978,0.0103339837089886,0.0103339837090038,0.0103339837090219,0.0103339837090353,0.010333983709042,0.0274889719579755,0.0289163031891398,0.0292907919258931,0.0296320528039831,0.0295609304545661,0.0299044204745202,0.0271344348795115,0.0258164178159046,0.0142944282863868,0.0132452927775952,0.012345569830112,0.011526650235823,0.0106906509981758,0.0101484150889133,0.00982127030588281,0.00968883286271444,0.01706036225719,0.0169212054475558,0.014120812971306,0.0139406202988375,0.0129860731760799
1,NA,NA,NA,NA,NA,NA,NA,NA,NA,NA,NA,NA,NA,NA,-0.0756139892912514,-0.0735448850344254,-0.0691797276742374,-0.061610721824635,-0.0506064650794494,-0.0361491432000844,-0.0186586301663806,0.000167763863678394,0.0327263940516782,0.0218511804092429,0.0100262225313073,0.0154903219092954,0.0324305038514571,0.0414906927855613,0.0345561291789323,0.0193426028186939,0.00490058915434941,-0.0844626027258271,-0.0797743391289358,-0.0729308276276511,-0.0725336704993405,-0.0809996392117908,-0.0615648325239144,-0.063716493356371,-0.0554460110634333,-0.0464233600966364,-0.0380322329392692,-0.0381170055848674,-0.0472851844776028,-0.058885816259334,-0.0621371830045188,-0.051009288778335,-0.0308625820352788,0.00972150328452096,0.0157538933875981,0.0300722817901711,0.032549087585071,0.0437157269017696
1,NA,NA,NA,NA,NA,NA,NA,NA,NA,NA,NA,NA,NA,NA,NA,NA,NA,NA,NA,NA,NA,NA,NA,NA,NA,NA,NA,NA,NA,NA,NA,0.0210168466460352,0.0307611604875208,0.0307611604875118,0.0307611604874968,0.0307611604874738,0.0290119996050546,0.0285497185638975,0.0285497185638737,0.031989597525046,0.031989597525033,0.0319895975250247,0.0319895975250201,0.0319895975250186,0.0319895975250202,0.0319895975250243,0.0319895975250289,0.0355213745819952,0.035521374581994,0.0294031927244884,0.0294031927244838,0.0372659776655359
1,NA,NA,NA,NA,NA,NA,NA,NA,NA,NA,NA,NA,NA,NA,-0.035259424710936,-0.0352594247109241,-0.0352594247109012,-0.0352594247108719,-0.0352594247108398,-0.0352594247108136,-0.0352594247107977,-0.0352594247107984,0.0933643690121163,0.0907916708946599,0.0848066121195626,0.0752729312787118,0.0625573813950255,0.046616030157209,0.0271709887654324,0.00512050372861955,-0.0167271393663985,-0.0610337622438695,-0.0503751795025804,-0.0455043028725148,-0.0363118473616966,-0.0255131652833177,-0.0139321400854568,-0.0145642113368838,-0.0133128186149945,-0.0208147221585651,-0.0226184182144209,-0.0237689649287522,-0.0236999328534914,-0.0227345994655474,-0.0214649745348124,-0.0200600439882359,-0.0181937006777912,-0.00184231323003897,0.00817150146082055,0.0122331156251797,0.0140322527559686,0.0220519578098159
1,NA,NA,NA,NA,NA,NA,NA,NA,NA,NA,NA,NA,NA,NA,-0.00293945886410366,-0.00293945886410363,-0.00293945886410363,-0.00293945886410368,-0.0240935583878033,-0.0240935583877616,-0.0240935583876653,-0.0240935583875142,-0.0349600360658794,-0.0348370545316024,-0.0346111202135061,-0.0342815212795539,-0.0337644170125347,-0.0268309771020514,-0.0252926952097221,-0.0236466290265119,-0.0219717218781168,-0.0323386224439808,-0.0388490282857935,-0.0381903340162984,-0.0373309886154811,-0.0362199580990973,-0.0236709275401677,-0.0322788481515937,-0.0314175438286098,-0.0213924529241897,-0.0208428985139215,-0.0202583470950941,-0.0194820751784546,-0.00500576621725706,-0.00395600968540712,-0.00297822167643739,-0.00221996734619367,0.0110832016308371,0.0179200618703332,0.0367574405632247,0.0372549994081169,0.0145083162022791
1,NA,NA,NA,NA,NA,NA,NA,NA,NA,NA,NA,NA,NA,NA,-0.000386124529967447,-0.000386124529967447,-0.000386124529967447,-0.000386124529967447,-0.000386124529967447,-0.000386124529967447,-0.000386124529967447,-0.000386124529967447,-0.00996875469940917,-0.00996875469941388,-0.00996875469941239,-0.00996875469938105,-0.00996875469929381,-0.00996875469914019,-0.00996875469893388,-0.00996875469870001,-0.00996875469845318,-0.0135275464459369,-0.00872109929602516,-0.00929888775919433,-0.00980135471217225,-0.0104557702900637,-0.00968779784885398,-0.0110331451352335,-0.0124220044842604,-0.0103631249326391,-0.0108090902336887,-0.0109690160812488,-0.0109721910757778,-0.0107405981202747,-0.0101155432296535,-0.00908080215001041,-0.00780449063104733,-0.00792785503414587,-0.00743204871124803,-0.0108145033554538,-0.0096803685783468,-0.00138381252525611
1,NA,NA,NA,NA,NA,NA,NA,NA,NA,NA,NA,NA,NA,NA,NA,NA,-0.0282746149231277,-0.0282746149231283,-0.0282746149231281,-0.0282746149231283,-0.0282746149231281,-0.0282746149231279,-0.0282746149231281,-0.0282746149231283,NA,NA,NA,NA,NA,NA,NA,NA,NA,NA,NA,NA,NA,NA,NA,NA,NA,NA,NA,NA,NA,NA,NA,NA,NA,NA,NA,NA
1,NA,NA,NA,NA,NA,NA,NA,NA,NA,NA,NA,NA,NA,NA,NA,NA,0.000962784382601112,0.000962784382601334,0.000962784382601334,0.000962784382601223,0.000962784382601445,0.000962784382601223,0.000962784382601223,0.000962784382601334,0.000962784382601223,0.000962784382601334,0.000962784382601334,0.000962784382601223,0.000962784382601334,0.000962784382601223,0.000962784382601223,0.0271297716668027,0.0199417473495648,0.0199417473495468,0.0199417473495222,0.0199417473494962,0.0172315235341894,0.00696595803576761,0.00696595803575846,0.00229774377055923,0.00229774377055638,0.00229774377055555,0.00272105467434746,0.00272105467434688,0.0027210546743431,0.00272105467433541,0.00272105467432255,0.00968397812210243,0.00968397812207323,0.0133828437303251,0.0133828437303033,0.0158084535484238
1,NA,NA,NA,NA,NA,NA,NA,NA,NA,NA,NA,NA,NA,NA,NA,NA,NA,0.00223439189257535,0.00220879422052,0.00217438535184211,0.00219831118827163,0.00229735820524113,0.00247152640275111,0.00272081578080074,0.00304522633939053,0.00344475807852052,0.0039194109981906,0.00446703984310542,0.00508198499949353,0.00578123369589362,0.00659749475652038,0.00754021893886092,0.00861197312816653,0.00978273680044289,0.0109972859884745,0.0122065124931215,0.0133873320885443,0.0145298221965649,0.0155998912687995,0.0165132440942793,0.0171568171317313,0.0174640533860253,NA,NA,NA,NA,NA,NA,NA,NA,NA,NA
1,NA,NA,NA,NA,NA,NA,NA,NA,NA,NA,NA,NA,NA,NA,NA,NA,NA,0.143617691193943,0.13646720237192,0.120210731589037,0.0876838821341144,0.0434396690467922,0.00364848737798104,-0.0278114580706486,-0.0509401672990902,-0.0657376403073484,-0.0722038770954206,-0.0702878749449279,-0.060714952368583,-0.0480117014330156,-0.0365485604847887,-0.0271858067639806,-0.0185811865442536,0.0188176316611834,0.029048999153271,0.0403191293434235,0.0492874064994399,0.0548395010325982,0.0587232507826162,0.0631270587562964,0.0679980405433356,0.0712142845213256,NA,NA,NA,NA,NA,NA,NA,NA,NA,NA
1,NA,NA,NA,NA,NA,NA,NA,NA,NA,NA,NA,NA,NA,NA,NA,NA,NA,-0.0189613532816698,-0.0188095822384295,-0.0185305154729889,-0.0182220542695045,-0.0179086739490158,-0.017590374511523,-0.017267155957026,-0.0169390182855249,-0.0166059614970194,-0.01626798559151,-0.0159201889449829,-0.0155363525190553,-0.0150804933527692,-0.0145274742332799,-0.0138754776330466,-0.013140957289374,0.0297985913496925,0.0302000356512453,0.0305893025204143,0.0309458599304186,0.0312505827522263,0.0314890324638309,0.0316547776820014,0.0317510360299026,0.0317906366864082,NA,NA,NA,NA,NA,NA,NA,NA,NA,NA
1,NA,NA,NA,NA,NA,NA,NA,NA,NA,NA,NA,NA,NA,NA,NA,NA,NA,NA,NA,-0.0479308720416374,-0.0450385004860998,-0.0393439891034709,0.0114307411811425,0.0148651587564116,0.0178055746544593,0.0206008454590658,0.0236872128368283,0.010636693003852,0.0244341706167067,0.0272593237089018,0.0127950364688958,-0.00650282579292853,-0.0315545689683538,-0.0505633024846239,-0.0719096727854267,-0.0452049432349052,0.00683768818339825,0.0530570275376182,0.0556313185681951,0.00924371035744453,-0.0435383677860496,-0.0512710080987622,-0.0185125288709681,0.0184834216411386,0.00141547059206593,0.0136715747970286,0.0411406472346934,0.0463573055774114,0.0485081992001981,0.0307820164335288,0.0307820164335291,0.0307820164335291
1,NA,NA,NA,NA,NA,NA,NA,NA,NA,NA,NA,NA,NA,NA,NA,NA,NA,NA,NA,-0.00510765821344539,-0.0051076582134455,-0.00510765821344528,-0.00510765821344539,-0.00510765821344539,-0.0051076582134455,-0.00510765821344539,-0.00510765821344539,-0.00510765821344528,-0.0051076582134455,-0.00510765821344539,-0.00510765821344539,-0.00510765821344539,-0.00510765821344528,-0.0051076582134455,-0.00510765821344539,-0.0051076582134455,-0.00510765821344539,-0.00510765821344539,-0.00510765821344528,-0.0051076582134455,NA,NA,NA,NA,NA,NA,NA,NA,NA,NA,NA,NA
1,NA,NA,NA,NA,NA,NA,NA,NA,NA,NA,NA,NA,NA,NA,NA,NA,NA,NA,NA,0.00789841023077553,0.00789841023077553,0.00789841023077553,0.00789841023077464,0.00789841023077642,0.00789841023077553,0.00789841023077464,0.00789841023077553,0.00789841023077553,NA,NA,NA,NA,NA,NA,NA,NA,NA,NA,NA,NA,NA,NA,NA,NA,NA,NA,NA,NA,NA,NA,NA,NA
1,NA,NA,NA,NA,NA,NA,NA,NA,NA,NA,NA,NA,NA,NA,NA,NA,NA,NA,NA,0.00812423077257796,0.0140492885968522,0.0263921038341315,0.0387642263650525,0.0415756280801975,0.0341283647256279,0.0249882115801361,0.0170169319775186,0.00129593817426477,-0.0266654111909741,-0.05194334172606,-0.0520740216504629,-0.0224637495251705,0.0173340511878477,0.0413890715268064,0.0360080589689775,0.00546620753442717,-0.0299243340190261,-0.0424563853086943,-0.0173122400343106,0.0286290709649046,0.0553905383765274,-0.00363712369610732,-0.0456446447502537,-0.0987928484798954,-0.128522468962485,-0.113190206611278,-0.0583064941426642,0.00644328076525724,0.0467470333099274,NA,NA,NA
1,NA,NA,NA,NA,NA,NA,NA,NA,NA,NA,NA,NA,NA,NA,NA,NA,NA,NA,NA,NA,0.0156926771005161,0.0156926771005157,0.0156926771005157,0.0156926771005159,0.0156926771005157,0.0156926771005159,0.0156926771005157,0.0156926771005159,0.0156926771005157,0.0156926771005161,0.0156926771005157,0.0156926771005157,0.0156926771005158,0.0156926771005158,0.0156926771005159,0.0156926771005158,0.0156926771005158,0.0156926771005157,0.0156926771005158,0.0156926771005159,0.0156926771005157,0.0156926771005158,0.0156926771005159,0.0156926771005157,0.0156926771005159,0.0156926771005158,0.0156926771005157,0.0156926771005159,0.0156926771005158,0.0156926771005158,0.0156926771005158,0.0156926771005159
1,NA,NA,NA,NA,NA,NA,NA,NA,NA,NA,NA,NA,NA,NA,NA,NA,NA,NA,NA,NA,NA,-0.0276358083025682,0.0339655321314043,0.0485357037951535,0.0394892542155958,0.0241148917928613,0.00431241354200403,-0.0169937265926829,-0.0376788088956248,-0.0564651920488295,-0.0726809851163549,-0.0872979656433352,-0.0986594347728444,-0.102568165897548,-0.0593680328655648,-0.04278954626613,-0.0218696711743034,-0.00909491213058644,-0.0125445276544383,-0.0301756401778177,-0.0485285982185863,-0.0626486436988558,-0.104716983275852,-0.0874082102620033,-0.0500817360628667,-0.011652873722692,0.0189150511882599,0.0475740888556107,0.0806120249648408,0.112043638694716,0.12919970449492,NA
1,NA,NA,NA,NA,NA,NA,NA,NA,NA,NA,NA,NA,NA,NA,NA,NA,NA,NA,NA,NA,NA,0.150726704826952,0.138604417791739,0.115116028908706,0.0822433665716025,0.0483128481097823,0.0198833817851602,-0.00178101464216551,-0.016930405778027,-0.0235959194513641,-0.027286092339642,-0.0257089148529077,-0.0176045123073814,-0.00447889511924882,0.0346255687409038,0.0570263447787462,0.06957936830464,0.0739609543503839,NA,NA,NA,NA,NA,NA,NA,NA,NA,NA,NA,NA,NA,NA
1,NA,NA,NA,NA,NA,NA,NA,NA,NA,NA,NA,NA,NA,NA,NA,NA,NA,NA,NA,NA,NA,NA,0.148943611271188,0.148943611271188,0.148943611271188,0.148943611271188,0.148943611271188,0.148943611271188,0.148943611271188,0.148943611271188,0.148943611271188,0.148943611271188,NA,NA,NA,NA,NA,NA,NA,NA,NA,NA,NA,NA,NA,NA,NA,NA,NA,NA,NA,NA
1,NA,NA,NA,NA,NA,NA,NA,NA,NA,NA,NA,NA,NA,NA,NA,NA,NA,NA,NA,NA,NA,NA,0.143331198285355,0.0990409093006503,0.041107052158174,0.00119051561450978,-0.0188325704767134,-0.0251500982739344,-0.0104321491052621,0.0246180197668368,0.0561725292391264,0.00205007601178797,-0.00923364607780583,0.00016957715543281,0.00537792984961116,-0.00692000788786443,-0.034663446391395,-0.0505837668868803,-0.0545527293193322,-0.0606082134565618,-0.0558754290119137,-0.0520264474906354,-0.045271539480969,-0.0347258483362525,-0.0253350717909645,-0.0196929365084642,-0.0256104761133781,-0.0178767586501435,-0.0259490044765956,-0.0261825433458527,-0.0270631030725165,-0.0278183984270479
1,NA,NA,NA,NA,NA,NA,NA,NA,NA,NA,NA,NA,NA,NA,NA,NA,NA,NA,NA,NA,NA,NA,-0.000141866260306545,-0.000141866260311874,-0.00014186626032342,-0.000141866260331414,-0.000141866260320977,-0.000141866260290557,-0.000141866260247703,-0.000141866260198853,-0.00014186626013557,-0.0357166287639803,-0.0295422377095153,-0.0293856662243777,-0.0292768423451932,-0.0290302586860176,-0.0172346401932433,-0.0163670442989508,-0.0150369608699822,-0.0132823231531185,-0.0112263116195215,-0.00899908542646686,-0.00673531236435619,0.0156785028310634,0.0174443946107575,0.0187161484832134,0.0195262465632807,0.0200603444391812,0.020509353507419,0.0151647142465106,0.0155979945980588,0.0216889467268398
1,NA,NA,NA,NA,NA,NA,NA,NA,NA,NA,NA,NA,NA,NA,NA,NA,NA,NA,NA,NA,NA,NA,0.515655336209581,0.679408542173103,0.655300588769933,0.1705545875217,-0.507020925671568,-0.76126387656468,-0.317594519122236,0.390348861442382,0.648030283490955,0.215799146946515,-0.448351209865312,-0.737861907773855,-0.570931073571486,-0.342016828382883,-0.15349203889872,-0.00304368076793859,0.118580343413875,0.213693057997916,0.282294462984003,0.296966535419759,0.16937759825311,-0.0425287124357295,-0.253387008669496,-0.213165313219597,0.0558749118126265,0.26518133190476,0.247358543200549,0.13893822994345,NA,NA
1,NA,NA,NA,NA,NA,NA,NA,NA,NA,NA,NA,NA,NA,NA,NA,NA,NA,NA,NA,NA,NA,NA,0.384207867106703,0.330476665039933,0.229827063808756,0.0569910641856994,-0.206434021485627,-0.451572371641722,-0.471692583464658,-0.191429093588613,0.203027624331096,0.225038640499472,0.135422836837277,0.0818469302447932,0.0215434347229834,-0.021416676509072,-0.0315407824984139,-0.0121333154710784,0.0088925143031948,-0.00040176744258464,-0.0379427898778299,-0.0596245668403582,-0.0328026977917857,0.0168832039971699,0.0343160836760434,0.003875804117788,-0.0342556836684097,-0.0396017801930011,-0.0212288445438365,-0.00439469143063125,-0.0488692642895623,-0.131933940482678
1,NA,NA,NA,NA,NA,NA,NA,NA,NA,NA,NA,NA,NA,NA,NA,NA,NA,NA,NA,NA,NA,NA,-0.00519118028937782,-0.00670226669691409,-0.00903455022483302,-0.0109405950886627,-0.0114603133028641,-0.010164730521109,-0.00704506821689743,-0.00262119847875919,0.00211960703882785,-0.000233510915117863,0.00155877929070625,0.00311914992565637,0.0043145114096711,0.00478086170117903,0.00430079504357306,0.00865739592228442,0.00739125617454882,0.00579085887718545,0.00389758650284715,0.00186196136267433,-0.0135190428332308,-0.0190800081887359,-0.0244232352791154,-0.0295679745074309,-0.034057333158068,-0.0372565727447498,-0.0388897658130258,-0.039252593310338,-0.0389963091563557,-0.038728578750133
1,NA,NA,NA,NA,NA,NA,NA,NA,NA,NA,NA,NA,NA,NA,NA,NA,NA,NA,NA,NA,NA,NA,0.0702855265596306,0.0699927496073672,0.0690210626313882,0.0671215592526329,0.0645292879142694,0.0618278693091131,0.0595051033578544,0.0576449836430648,0.0559649280493867,0.0540303226455359,0.0514423942673661,0.047980976381036,0.0436964409621929,0.0388284745816116,0.0335496674668682,0.0278272863144987,0.0216431894866074,0.015320428229008,0.00946397669958021,0.00450308377088898,0.000411335754988862,-0.00302053926958887,-0.00575408430992658,-0.00753244650000573,-0.00831582784947829,-0.00848760369580817,-0.00854344253329173,-0.00869579651487043,-0.00886707379830763,-0.00895413692219774
1,NA,NA,NA,NA,NA,NA,NA,NA,NA,NA,NA,NA,NA,NA,NA,NA,NA,NA,NA,NA,NA,NA,-0.0866405260364871,-0.0868427722432774,-0.0875740489239893,-0.088064617736799,-0.086134493165291,0.00542712071526236,0.0106538267686685,0.0170912878429726,0.023933104959823,0.03095726956582,0.0382481655563318,0.0652583134305338,0.0703152514548734,0.0749586388463134,0.0783093391095083,0.0794210344457564,0.0782152860551565,0.0758480677987214,0.073631605621724,0.0715551738243363,0.0101748813209976,-0.00512480941881055,-0.0237924433593149,-0.0416236158421501,-0.0572418411986939,-0.0717792596318438,-0.0846707628113363,-0.0927869841161877,-0.0947694808871731,-0.0937670846224105
1,NA,NA,NA,NA,NA,NA,NA,NA,NA,NA,NA,NA,NA,NA,NA,NA,NA,NA,NA,NA,NA,NA,-0.0470731324985568,-0.0470731324985568,-0.0470731324985569,-0.0470731324985567,-0.0470731324985568,-0.0470731324985567,-0.0470731324985568,-0.0470731324985568,-0.0470731324985568,-0.0470731324985568,-0.0470731324985567,-0.0470731324985568,-0.0470731324985569,-0.0470731324985568,-0.0470731324985565,-0.0470731324985569,-0.0470731324985569,-0.0470731324985567,-0.0470731324985567,NA,NA,NA,NA,NA,NA,NA,NA,NA,NA,NA
1,NA,NA,NA,NA,NA,NA,NA,NA,NA,NA,NA,NA,NA,NA,NA,NA,NA,NA,NA,NA,NA,NA,NA,0.428294207855886,0.14180523411336,-0.22975585617985,-0.407625585864455,-0.281682065866291,0.0185486198736382,0.269489510135355,0.354693467475145,0.336654806089613,NA,NA,NA,NA,NA,NA,NA,NA,NA,NA,NA,NA,NA,NA,NA,NA,NA,NA,NA,NA
1,NA,NA,NA,NA,NA,NA,NA,NA,NA,NA,NA,NA,NA,NA,NA,NA,NA,NA,NA,NA,NA,NA,NA,-0.136820960673557,-0.136820960673556,-0.136820960673557,-0.136820960673557,NA,NA,NA,NA,NA,NA,NA,NA,NA,NA,NA,NA,NA,NA,NA,NA,NA,NA,NA,NA,NA,NA,NA,NA,NA
1,NA,NA,NA,NA,NA,NA,NA,NA,NA,NA,NA,NA,NA,NA,NA,NA,NA,NA,NA,NA,NA,NA,NA,-0.0350687626484318,-0.0350687626484314,-0.0350687626484314,-0.0350687626484318,NA,NA,NA,NA,NA,NA,NA,NA,NA,NA,NA,NA,NA,NA,NA,NA,NA,NA,NA,NA,NA,NA,NA,NA,NA
1,NA,NA,NA,NA,NA,NA,NA,NA,NA,NA,NA,NA,NA,NA,NA,NA,NA,NA,NA,NA,NA,NA,NA,0.277218088761084,0.27199073357273,0.259401220985983,0.24094241307374,0.220466318126284,0.098607074239126,0.081588543471842,0.0572955700370283,-0.0196009323458303,-0.0114006858284827,-0.00966395484399604,-0.00258895125297098,0.00496019631890081,0.015764701514661,0.0116812590512006,0.0101498973528915,0.0111672549001277,0.0101260085931946,0.00996411395973111,0.0111165698745244,0.0139253747361643,0.0181269390694658,0.0226599038342127,0.0261675662455799,0.0391557614528022,0.0391610434414726,0.0344673395123199,0.039905606953166,0.0385787192056654
1,NA,NA,NA,NA,NA,NA,NA,NA,NA,NA,NA,NA,NA,NA,NA,NA,NA,NA,NA,NA,NA,NA,NA,NA,-0.0471684459447002,-0.0471684459447001,-0.0471684459447003,-0.0471684459447001,-0.0471684459447002,-0.0471684459447002,NA,NA,NA,NA,NA,NA,NA,NA,NA,NA,NA,NA,NA,NA,NA,NA,NA,NA,NA,NA,NA,NA
1,NA,NA,NA,NA,NA,NA,NA,NA,NA,NA,NA,NA,NA,NA,NA,NA,NA,NA,NA,NA,NA,NA,NA,NA,NA,0.0517452926726895,0.0517452926726896,0.0517452926726895,-0.0328846557800608,NA,NA,NA,NA,NA,NA,NA,NA,NA,NA,NA,NA,NA,NA,NA,NA,NA,NA,NA,NA,NA,NA,NA
1,NA,NA,NA,NA,NA,NA,NA,NA,NA,NA,NA,NA,NA,NA,NA,NA,NA,NA,NA,NA,NA,NA,NA,NA,NA,NA,NA,NA,NA,NA,NA,0.01841175580453,0.0184117558044977,0.0184117558044371,0.0184117558043717,0.018411755804332,0.0184117558043414,0.0184117558044062,0.018411755804532,0.0184117558047211,0.01841175580497,0.0184117558052727,0.0184117558056,0.0184117558059106,0.0184117558061689,0.0184117558063666,0.0184117558064989,0.0184117558065746,0.0184117558066108,0.0184117558066268,0.0184117558066355,0.01841175580664
NA,NA,NA,NA,NA,NA,NA,NA,NA,NA,NA,NA,NA,NA,NA,NA,NA,NA,NA,NA,NA,NA,NA,NA,NA,NA,NA,NA,NA,NA,NA,NA,NA,NA,NA,NA,NA,NA,NA,NA,NA,NA,NA,NA,NA,NA,NA,NA,NA,NA,NA,NA,NA
1,NA,NA,NA,NA,NA,NA,NA,NA,NA,NA,NA,NA,NA,NA,NA,NA,NA,NA,NA,NA,NA,NA,NA,NA,NA,NA,NA,NA,NA,-0.0450478881013252,-0.0450478881013252,-0.0450478881013252,-0.0450478881013252,-0.0450478881013252,-0.0450478881013252,NA,NA,NA,NA,NA,NA,NA,NA,NA,NA,NA,NA,NA,NA,NA,NA,NA
1,NA,NA,NA,NA,NA,NA,NA,NA,NA,NA,NA,NA,NA,NA,NA,NA,NA,NA,NA,NA,NA,NA,NA,NA,NA,NA,NA,NA,NA,-0.0635611715467945,-0.0635611715467936,-0.0635611715467945,-0.0635611715467945,-0.0635611715467945,-0.0635611715467941,NA,NA,NA,NA,NA,NA,NA,NA,NA,NA,NA,NA,NA,NA,NA,NA,NA
1,NA,NA,NA,NA,NA,NA,NA,NA,NA,NA,NA,NA,NA,NA,NA,NA,NA,NA,NA,NA,NA,NA,NA,NA,NA,NA,NA,NA,NA,NA,NA,NA,NA,0.00349113816358904,0.00349113816358892,0.00349113816358915,0.00349113816358904,0.00349113816358904,0.00349113816358904,0.00349113816358904,0.00349113816358915,0.00349113816358892,0.00349113816358915,0.00349113816358904,-0.0178570623476186,-0.0178570623476189,-0.0178570623476187,-0.0178570623476187,-0.0178570623476187,0.00349113816358904,0.00349113816358904,0.00349113816358904
1,NA,NA,NA,NA,NA,NA,NA,NA,NA,NA,NA,NA,NA,NA,NA,NA,NA,NA,NA,NA,NA,NA,NA,NA,NA,NA,NA,NA,NA,NA,NA,-0.0248902171761557,-0.0248902171761558,-0.0248902171761556,-0.0248902171761556,-0.0248902171761558,-0.0248902171761557,-0.0248902171761556,-0.0248902171761556,-0.0248902171761557,-0.0248902171761558,-0.0248902171761556,NA,NA,NA,NA,NA,NA,NA,NA,NA,NA
1,NA,NA,NA,NA,NA,NA,NA,NA,NA,NA,NA,NA,NA,NA,NA,NA,NA,NA,NA,NA,NA,NA,NA,NA,NA,NA,NA,NA,NA,NA,NA,-0.0765624026707635,-0.0447285955474228,-0.0461649786203373,-0.0494242763113625,-0.0531775027509681,-0.038155443447455,-0.0379214036392224,-0.0363051514463715,-0.0334808845351964,-0.029338575057082,-0.0230456700950717,-0.0139092499256604,-0.00208132222271231,0.00570921784987364,0.00979487420172106,0.00931393277737044,0.00593625616676639,0.00233484855153474,0.00305924569230227,0.00117917079852766,0.0164973520532079
1,NA,NA,NA,NA,NA,NA,NA,NA,NA,NA,NA,NA,NA,NA,NA,NA,NA,NA,NA,NA,NA,NA,NA,NA,NA,NA,NA,NA,NA,NA,NA,0.00930409163762469,0.0238462962898494,0.0238462962898494,0.0238462962898494,0.0238462962898494,0.0115285088364176,0.0115285088364251,0.00119713832905154,0.00119713832907018,0.0011971383290909,0.00119713832910654,-0.0021896839888413,0.00382313153726608,0.00382313153729612,0.0110502949225137,0.0110502949225235,0.0112685703331102,0.0112685703330635,0.00739429453173243,0.00508843863352619,0.0216621449067505
NA,NA,NA,NA,NA,NA,NA,NA,NA,NA,NA,NA,NA,NA,NA,NA,NA,NA,NA,NA,NA,NA,NA,NA,NA,NA,NA,NA,NA,NA,NA,NA,NA,NA,NA,NA,NA,NA,NA,NA,NA,NA,NA,NA,NA,NA,NA,NA,NA,NA,NA,NA,NA
1,NA,NA,NA,NA,NA,NA,NA,NA,NA,NA,NA,NA,NA,NA,NA,NA,NA,NA,NA,NA,NA,NA,NA,NA,NA,NA,NA,NA,NA,NA,NA,NA,NA,NA,NA,NA,NA,NA,NA,-0.148128910919126,-0.148128910919126,-0.148128910919126,-0.148128910919126,-0.148128910919126,-0.148128910919126,NA,NA,NA,NA,NA,NA,NA
1,NA,NA,NA,NA,NA,NA,NA,NA,NA,NA,NA,NA,NA,NA,NA,NA,NA,NA,NA,NA,NA,NA,NA,NA,NA,NA,NA,NA,NA,NA,NA,NA,NA,NA,NA,NA,0.176937232479976,0.176937232479976,0.176937232479976,0.176937232479976,0.176937232479976,NA,NA,NA,NA,NA,NA,NA,NA,NA,NA,NA
1,NA,NA,NA,NA,NA,NA,NA,NA,NA,NA,NA,NA,NA,NA,NA,NA,NA,NA,NA,NA,NA,NA,NA,NA,NA,NA,NA,NA,NA,NA,NA,NA,NA,NA,NA,NA,-0.00474245718233046,-0.00474245718233046,-0.00474245718233068,-0.00474245718233046,-0.00474245718233068,-0.00474245718233046,-0.00474245718233046,-0.00474245718233068,-0.00474245718233046,-0.00474245718233046,-0.00474245718233046,-0.00474245718233068,-0.00474245718233046,-0.00474245718233046,-0.00474245718233046,NA
NA,NA,NA,NA,NA,NA,NA,NA,NA,NA,NA,NA,NA,NA,NA,NA,NA,NA,NA,NA,NA,NA,NA,NA,NA,NA,NA,NA,NA,NA,NA,NA,NA,NA,NA,NA,NA,NA,NA,NA,NA,NA,NA,NA,NA,NA,NA,NA,NA,NA,NA,NA,NA
NA,NA,NA,NA,NA,NA,NA,NA,NA,NA,NA,NA,NA,NA,NA,NA,NA,NA,NA,NA,NA,NA,NA,NA,NA,NA,NA,NA,NA,NA,NA,NA,NA,NA,NA,NA,NA,NA,NA,NA,NA,NA,NA,NA,NA,NA,NA,NA,NA,NA,NA,NA,NA
NA,NA,NA,NA,NA,NA,NA,NA,NA,NA,NA,NA,NA,NA,NA,NA,NA,NA,NA,NA,NA,NA,NA,NA,NA,NA,NA,NA,NA,NA,NA,NA,NA,NA,NA,NA,NA,NA,NA,NA,NA,NA,NA,NA,NA,NA,NA,NA,NA,NA,NA,NA,NA
NA,NA,NA,NA,NA,NA,NA,NA,NA,NA,NA,NA,NA,NA,NA,NA,NA,NA,NA,NA,NA,NA,NA,NA,NA,NA,NA,NA,NA,NA,NA,NA,NA,NA,NA,NA,NA,NA,NA,NA,NA,NA,NA,NA,NA,NA,NA,NA,NA,NA,NA,NA,NA
NA,NA,NA,NA,NA,NA,NA,NA,NA,NA,NA,NA,NA,NA,NA,NA,NA,NA,NA,NA,NA,NA,NA,NA,NA,NA,NA,NA,NA,NA,NA,NA,NA,NA,NA,NA,NA,NA,NA,NA,NA,NA,NA,NA,NA,NA,NA,NA,NA,NA,NA,NA,NA
1,NA,NA,NA,NA,NA,NA,NA,NA,NA,NA,NA,NA,NA,NA,NA,NA,NA,NA,NA,NA,NA,NA,NA,NA,NA,NA,NA,NA,NA,NA,NA,NA,NA,NA,NA,NA,NA,NA,NA,NA,NA,NA,NA,0.0331124646337293,0.0331124646337293,0.0331124646337292,0.0331124646337293,0.0331124646337294,0.0331124646337292,0.0331124646337293,0.0331124646337293,0.0331124646337292
1,NA,NA,NA,NA,NA,NA,NA,NA,NA,NA,NA,NA,NA,NA,NA,NA,NA,NA,NA,NA,NA,NA,NA,NA,NA,NA,NA,NA,NA,NA,NA,NA,-0.170961916050651,-0.170961916050651,-0.170961916050651,-0.170961916050651,NA,NA,NA,NA,NA,NA,NA,NA,NA,NA,NA,NA,NA,NA,NA,NA
1,NA,NA,NA,NA,NA,NA,NA,NA,NA,NA,NA,NA,NA,NA,NA,NA,NA,NA,NA,NA,NA,NA,NA,NA,NA,NA,NA,NA,NA,NA,NA,NA,NA,0.0111703258293316,0.0111703258293314,0.0111703258293314,0.0111703258293314,0.0111703258293315,0.0111703258293314,0.0111703258293315,0.0111703258293313,0.0226025273851846,NA,NA,NA,NA,NA,NA,NA,NA,NA,NA
1,NA,NA,NA,NA,NA,NA,NA,NA,NA,NA,NA,NA,NA,NA,NA,NA,NA,NA,NA,NA,NA,NA,NA,NA,NA,NA,NA,NA,NA,NA,NA,NA,NA,-0.0399730086795744,-0.0399730086795744,-0.0399730086795745,NA,NA,NA,NA,NA,NA,NA,NA,NA,NA,NA,NA,NA,NA,NA,NA
1,NA,NA,NA,NA,NA,NA,NA,NA,NA,NA,NA,NA,NA,NA,NA,NA,NA,NA,NA,NA,NA,NA,NA,NA,NA,NA,NA,NA,NA,NA,NA,NA,NA,0.00136746741515159,0.00136746741516142,0.00136746741517114,-0.0304355380591444,-0.0293018054263888,-0.0270377062518133,-0.0236567048991817,-0.0192553803118598,-0.0142065838995608,-0.00871044788407083,-0.00319464974281199,0.00215679772295433,0.00703552078559723,0.0113280446944266,0.0148888441743235,0.0176781036314732,0.0169875355282203,0.0188557109152392,0.0197671641175373
1,NA,NA,NA,NA,NA,NA,NA,NA,NA,NA,NA,NA,NA,NA,NA,NA,NA,NA,NA,NA,NA,NA,NA,NA,NA,NA,NA,NA,NA,NA,NA,NA,NA,-0.00303399119389702,-0.0034521182202103,-0.00412304694456878,0.0422269781504933,0.0421056386522002,0.042414856173717,0.0433348388447441,0.000534574160576895,0.00437563208345937,0.0205703863847796,0.0229933215710156,0.0256152871711715,0.028278652904216,0.0306395450919423,0.0323129790104821,0.0331398585029279,0.033363070391765,0.0334423727587201,0.0334820239421979
1,NA,NA,NA,NA,NA,NA,NA,NA,NA,NA,NA,NA,NA,NA,NA,NA,NA,NA,NA,NA,NA,NA,NA,NA,NA,NA,NA,NA,NA,NA,NA,NA,NA,NA,0.00405834702525354,-0.0594339898522721,-0.059433989852272,-0.0594339898522721,-0.0594339898522721,-0.0594339898522722,-0.059433989852272,0.00405834702525376,NA,NA,NA,NA,NA,NA,NA,NA,NA,NA
1,NA,NA,NA,NA,NA,NA,NA,NA,NA,NA,NA,NA,NA,NA,NA,NA,NA,NA,NA,NA,NA,NA,NA,NA,NA,NA,NA,NA,NA,NA,NA,NA,NA,NA,NA,-0.0167291891290398,-0.0167291891290398,-0.0167291891290402,-0.0167291891290389,-0.0167291891290398,-0.0167291891290402,NA,NA,NA,NA,NA,NA,NA,NA,NA,NA,NA
1,NA,NA,NA,NA,NA,NA,NA,NA,NA,NA,NA,NA,NA,NA,NA,NA,NA,NA,NA,NA,NA,NA,NA,NA,NA,NA,NA,NA,NA,NA,NA,NA,NA,NA,NA,NA,0.056783740911474,0.0266556093326234,-0.0304379751324361,-0.0965458540335054,-0.142548875661475,-0.142710543290392,-0.0905200284971748,-0.00891589775225386,0.0543716414529142,0.0520629601140028,-0.0277645891569604,-0.145216423953591,-0.232529410803087,-0.246187095162008,-0.202609442617781,-0.159589102196945
1,NA,NA,NA,NA,NA,NA,NA,NA,NA,NA,NA,NA,NA,NA,NA,NA,NA,NA,NA,NA,NA,NA,NA,NA,NA,NA,NA,NA,NA,NA,NA,NA,NA,NA,NA,NA,-0.0056055562357471,-0.0298975286707752,-0.0763507674891526,-0.132208446705507,-0.173532833735173,-0.173030336503189,-0.112737203567828,-0.002750553580251,0.106862858149864,0.14483491392442,0.0699108642997193,-0.0858081134490736,-0.231366521014708,-0.289330369838813,-0.2613015721843,-0.217137950320494
NA,NA,NA,NA,NA,NA,NA,NA,NA,NA,NA,NA,NA,NA,NA,NA,NA,NA,NA,NA,NA,NA,NA,NA,NA,NA,NA,NA,NA,NA,NA,NA,NA,NA,NA,NA,NA,NA,NA,NA,NA,NA,NA,NA,NA,NA,NA,NA,NA,NA,NA,NA,NA
NA,NA,NA,NA,NA,NA,NA,NA,NA,NA,NA,NA,NA,NA,NA,NA,NA,NA,NA,NA,NA,NA,NA,NA,NA,NA,NA,NA,NA,NA,NA,NA,NA,NA,NA,NA,NA,NA,NA,NA,NA,NA,NA,NA,NA,NA,NA,NA,NA,NA,NA,NA,NA
1,NA,NA,NA,NA,NA,NA,NA,NA,NA,NA,NA,NA,NA,NA,NA,NA,NA,NA,NA,NA,NA,NA,NA,NA,NA,NA,NA,NA,NA,NA,NA,NA,NA,NA,NA,NA,NA,NA,-0.0494930175818445,-0.0494930175818447,-0.0494930175818444,-0.0494930175818448,NA,NA,NA,NA,NA,NA,NA,NA,NA,NA
1,NA,NA,NA,NA,NA,NA,NA,NA,NA,NA,NA,NA,NA,NA,NA,NA,NA,NA,NA,NA,NA,NA,NA,NA,NA,NA,NA,NA,NA,NA,NA,NA,NA,NA,NA,NA,NA,NA,0.0557593509865933,0.0393691660096203,0.0193734968285673,0.0195022126898491,-0.000619692227216592,-0.00244946834049427,-0.00342277491444576,-0.00381074660951928,-0.00477321429959361,-0.00597164878630707,-0.00705316002315677,-0.00782173534046831,-0.00825085099349989,-0.00838330856309957
1,NA,NA,NA,NA,NA,NA,NA,NA,NA,NA,NA,NA,NA,NA,NA,NA,NA,NA,NA,NA,NA,NA,NA,NA,NA,NA,NA,NA,NA,NA,NA,NA,NA,NA,NA,NA,NA,NA,0.0296767591750551,0.0296767591750551,0.0296767591750549,0.0296767591750549,0.0296767591750549,0.0296767591750551,0.0296767591750549,0.0296767591750551,0.0296767591750546,0.0296767591750551,0.0296767591750551,NA,NA,NA
1,NA,NA,NA,NA,NA,NA,NA,NA,NA,NA,NA,NA,NA,NA,NA,NA,NA,NA,NA,NA,NA,NA,NA,NA,NA,NA,NA,NA,NA,NA,NA,NA,NA,NA,NA,NA,NA,NA,NA,0.0189932863386952,0.0189932863395124,0.0189932863409807,0.0189932863426263,0.0189932863439612,0.0189932863447564,0.0189932863450837,0.0189932863451612,NA,NA,NA,NA,NA
1,NA,NA,NA,NA,NA,NA,NA,NA,NA,NA,NA,NA,NA,NA,NA,NA,NA,NA,NA,NA,NA,NA,NA,NA,NA,NA,NA,NA,NA,NA,NA,NA,NA,NA,NA,NA,NA,NA,NA,-0.0976970030636736,-0.0976970030636736,-0.0976970030636737,-0.0976970030636737,-0.0976970030636736,-0.0976970030636736,-0.0976970030636737,-0.0976970030636736,-0.0976970030636736,-0.0976970030636736,-0.042755276631975,-0.042755276631975,NA
1,NA,NA,NA,NA,NA,NA,NA,NA,NA,NA,NA,NA,NA,NA,NA,NA,NA,NA,NA,NA,NA,NA,NA,NA,NA,NA,NA,NA,NA,NA,NA,NA,NA,NA,NA,NA,NA,NA,NA,NA,NA,-0.0269146945077817,-0.0411450793224246,-0.0608824814524911,-0.0695371273694349,-0.0549498670424311,-0.0196190888024713,0.0197379869194049,0.0437488761235567,NA,NA,NA
1,NA,NA,NA,NA,NA,NA,NA,NA,NA,NA,NA,NA,NA,NA,NA,NA,NA,NA,NA,NA,NA,NA,NA,NA,NA,NA,NA,NA,NA,NA,NA,NA,NA,NA,NA,NA,NA,NA,NA,NA,NA,NA,NA,NA,NA,-0.00562672889091664,-0.00562672889091642,-0.00562672889091642,-0.00562672889091687,-0.00562672889091664,-0.00562672889091642,-0.00562672889091642
NA,NA,NA,NA,NA,NA,NA,NA,NA,NA,NA,NA,NA,NA,NA,NA,NA,NA,NA,NA,NA,NA,NA,NA,NA,NA,NA,NA,NA,NA,NA,NA,NA,NA,NA,NA,NA,NA,NA,NA,NA,NA,NA,NA,NA,NA,NA,NA,NA,NA,NA,NA,NA
NA,NA,NA,NA,NA,NA,NA,NA,NA,NA,NA,NA,NA,NA,NA,NA,NA,NA,NA,NA,NA,NA,NA,NA,NA,NA,NA,NA,NA,NA,NA,NA,NA,NA,NA,NA,NA,NA,NA,NA,NA,NA,NA,NA,NA,NA,NA,NA,NA,NA,NA,NA,NA
NA,NA,NA,NA,NA,NA,NA,NA,NA,NA,NA,NA,NA,NA,NA,NA,NA,NA,NA,NA,NA,NA,NA,NA,NA,NA,NA,NA,NA,NA,NA,NA,NA,NA,NA,NA,NA,NA,NA,NA,NA,NA,NA,NA,NA,NA,NA,NA,NA,NA,NA,NA,NA
